,player_display_name,position,position_group,recent_team,season,receiving_epa_mean_receive,mean_receiving_epa_per_week,receiving_epa_median_receive,median_receiving_epa_per_week,rushing_epa_mean_rush,mean_rushing_epa_per_week,rushing_epa_median_rush,median_rushing_epa_per_week,season_pass,passing_epa_mean_pass,mean_passing_epa_per_week,passing_epa_median_pass,median_passing_epa_per_week,week,number_weeks_played_in_time_period,mean_epa_per_week,median_epa_per_week
0,A.J. Brown,WR,WR,PHI,2022,3.2290277,3.2290277,5.2005687,5.2005687,0.0,0.0,0.0,0.0,2022,0.0,0.0,0.0,0.0,16,16,3.2290277,5.2005687
1,A.J. Dillon,RB,RB,GB,2022,-0.22218831,-0.22218831,0.03589695,0.03589695,0.0065396978,0.0065396978,-0.75209856,-0.75209856,2022,0.0,0.0,0.0,0.0,16,16,-0.2156486,-0.7162016
2,A.J. Green,WR,WR,ARI,2022,-1.6376073,-1.6376073,-1.63867,-1.63867,0.0,0.0,0.0,0.0,2022,0.0,0.0,0.0,0.0,12,12,-1.6376073,-1.63867
3,Aaron Jones,RB,RB,GB,2022,0.03284317,0.03284317,-0.16376841,-0.16376841,0.8426646,0.8426646,-0.040284917,-0.040284917,2022,0.0,0.0,0.0,0.0,16,16,0.8755078,-0.20405333
4,Aaron Rodgers,QB,QB,GB,2022,0.0,0.0,0.0,0.0,-0.54102117,-0.54102117,0.0,0.0,2022,-0.31575418,-0.31575418,1.3405912,1.3405912,16,16,-0.85677534,1.3405912
5,Adam Prentice,FB,RB,NO,2022,-0.10902289,-0.10902289,-0.5111973,-0.5111973,0.48522088,0.48522088,0.50403845,0.50403845,2022,0.0,0.0,0.0,0.0,5,5,0.376198,-0.0071588755
6,Adam Thielen,WR,WR,MIN,2022,0.67555356,0.67555356,0.53558457,0.53558457,0.0,0.0,0.0,0.0,2022,0.0,0.0,0.0,0.0,16,16,0.67555356,0.53558457
7,Adam Trautman,TE,TE,NO,2022,0.68403566,0.68403566,0.7177269,0.7177269,0.0,0.0,0.0,0.0,2022,0.0,0.0,0.0,0.0,11,11,0.68403566,0.7177269
8,Albert Okwuegbunam,TE,TE,DEN,2022,-0.35003486,-0.35003486,0.122464575,0.122464575,0.0,0.0,0.0,0.0,2022,0.0,0.0,0.0,0.0,5,5,-0.35003486,0.122464575
9,Alec Ingold,FB,RB,MIA,2022,-0.12654436,-0.12654436,-0.51607186,-0.51607186,0.58055377,0.58055377,0.5005375,0.5005375,2022,0.0,0.0,0.0,0.0,12,12,0.4540094,-0.015534341
10,Alec Pierce,WR,WR,IND,2022,1.1333846,1.1333846,1.0568061,1.0568061,0.0,0.0,0.0,0.0,2022,0.0,0.0,0.0,0.0,15,15,1.1333846,1.0568061
11,Alexander Mattison,RB,RB,MIN,2022,0.43133307,0.43133307,0.18870914,0.18870914,-0.34194946,-0.34194946,-0.39649174,-0.39649174,2022,0.0,0.0,0.0,0.0,16,16,0.0893836,-0.2077826
12,Allen Lazard,WR,WR,GB,2022,0.59889555,0.59889555,0.6840644,0.6840644,0.0,0.0,0.0,0.0,2022,0.0,0.0,0.0,0.0,14,14,0.59889555,0.6840644
13,Allen Robinson,WR,WR,LA,2022,0.9003205,0.9003205,1.376189,1.376189,0.0,0.0,0.0,0.0,2022,0.0,0.0,0.0,0.0,10,10,0.9003205,1.376189
14,Alvin Kamara,RB,RB,NO,2022,-0.109279424,-0.109279424,0.1686365,0.1686365,-2.710161,-2.710161,-2.2840772,-2.2840772,2022,0.0,0.0,0.0,0.0,14,14,-2.8194404,-2.1154406
15,Amari Cooper,WR,WR,CLE,2022,3.1636202,3.1636202,2.853652,2.853652,0.0,0.0,0.0,0.0,2022,-4.9805026,-4.9805026,-4.9805026,-4.9805026,16,16,-1.8168824,-2.1268506
16,Amari Rodgers,WR,WR,GB,2022,-0.9443294,-0.9443294,-0.23276988,-0.23276988,0.0,0.0,0.0,0.0,2022,0.0,0.0,0.0,0.0,4,4,-0.9443294,-0.23276988
17,Amari Rodgers,WR,WR,HOU,2022,2.3271635,2.3271635,1.1673601,1.1673601,-0.225088,-0.225088,-0.225088,-0.225088,2022,0.0,0.0,0.0,0.0,4,4,2.1020756,0.94227207
18,Ameer Abdullah,RB,RB,LV,2022,-0.16022258,-0.16022258,-0.8238282,-0.8238282,-0.15590465,-0.15590465,-0.15590465,-0.15590465,2022,0.0,0.0,0.0,0.0,12,12,-0.31612724,-0.9797329
19,Amon-Ra St. Brown,WR,WR,DET,2022,3.6743333,3.6743333,3.5059638,3.5059638,0.6071139,0.6071139,0.28448063,0.28448063,2022,0.0,0.0,0.0,0.0,15,15,4.2814474,3.7904444
20,Andre Baccellia,WR,WR,ARI,2022,0.304262,0.304262,0.3618953,0.3618953,0.0,0.0,0.0,0.0,2022,0.0,0.0,0.0,0.0,4,4,0.304262,0.3618953
21,Andrew Beck,TE,TE,DEN,2022,0.2281861,0.2281861,-0.03436534,-0.03436534,-1.0345197,-1.0345197,-1.0345197,-1.0345197,2022,0.0,0.0,0.0,0.0,7,7,-0.80633354,-1.068885
22,Andrew Van Ginkel,OLB,LB,MIA,2022,0.0,0.0,0.0,0.0,0.0,0.0,0.0,0.0,2022,0.0,0.0,0.0,0.0,1,1,0.0,0.0
23,Andy Dalton,QB,QB,NO,2022,0.0,0.0,0.0,0.0,-0.8272813,-0.8272813,-0.18040729,-0.18040729,2022,1.7647913,1.7647913,0.33072028,0.33072028,13,13,0.93750995,0.15031299
24,Andy Isabella,WR,WR,ARI,2022,0.17667782,0.17667782,0.17667782,0.17667782,0.0,0.0,0.0,0.0,2022,0.0,0.0,0.0,0.0,2,2,0.17667782,0.17667782
25,Andy Isabella,WR,WR,BAL,2022,0.0,0.0,0.0,0.0,-0.55485123,-0.55485123,-0.55485123,-0.55485123,2022,0.0,0.0,0.0,0.0,1,1,-0.55485123,-0.55485123
26,Andy Lee,P,SPEC,ARI,2022,0.0,0.0,0.0,0.0,0.0,0.0,0.0,0.0,2022,2.864477,2.864477,2.864477,2.864477,1,1,2.864477,2.864477
27,Anthony Brown,QB,QB,BAL,2022,0.0,0.0,0.0,0.0,0.0,0.0,0.0,0.0,2022,-1.5073696,-1.5073696,-1.5073696,-1.5073696,1,1,-1.5073696,-1.5073696
28,Anthony Firkser,TE,TE,ATL,2022,-0.120758615,-0.120758615,1.0658942,1.0658942,0.0,0.0,0.0,0.0,2022,0.0,0.0,0.0,0.0,7,7,-0.120758615,1.0658942
29,Anthony McFarland,RB,RB,PIT,2022,-0.45270953,-0.45270953,-0.45270953,-0.45270953,0.77191544,0.77191544,0.77191544,0.77191544,2022,0.0,0.0,0.0,0.0,1,1,0.3192059,0.3192059
30,Anthony Schwartz,WR,WR,CLE,2022,-1.3317732,-1.3317732,-0.697809,-0.697809,1.3363405,1.3363405,1.1043608,1.1043608,2022,0.0,0.0,0.0,0.0,6,6,0.0045673847,0.40655184
31,Antonio Gibson,RB,RB,WAS,2022,0.20239843,0.20239843,-0.15813926,-0.15813926,-1.0459529,-1.0459529,-0.7629969,-0.7629969,2022,0.0,0.0,0.0,0.0,15,15,-0.8435545,-0.92113614
32,Armani Rogers,TE,TE,WAS,2022,1.2069519,1.2069519,1.337853,1.337853,1.8734697,1.8734697,1.8734697,1.8734697,2022,0.0,0.0,0.0,0.0,4,4,3.0804214,3.2113228
33,Ashton Dulin,WR,WR,IND,2022,1.1857697,1.1857697,1.5289221,1.5289221,0.17171869,0.17171869,0.17171869,0.17171869,2022,0.0,0.0,0.0,0.0,7,7,1.3574884,1.7006408
34,Ashtyn Davis,SS,DB,NYJ,2022,0.0,0.0,0.0,0.0,2.2809513,2.2809513,2.2809513,2.2809513,2022,0.0,0.0,0.0,0.0,1,1,2.2809513,2.2809513
35,Austin Ekeler,RB,RB,LAC,2022,0.45290855,0.45290855,-0.20209098,-0.20209098,0.21660036,0.21660036,-0.6547857,-0.6547857,2022,0.0,0.0,0.0,0.0,16,16,0.66950893,-0.8568767
36,Austin Hooper,TE,TE,TEN,2022,1.1922814,1.1922814,1.3937609,1.3937609,0.0,0.0,0.0,0.0,2022,0.0,0.0,0.0,0.0,16,16,1.1922814,1.3937609
37,Austin Trammell,WR,WR,LA,2022,0.17776412,0.17776412,0.17776412,0.17776412,0.0,0.0,0.0,0.0,2022,0.0,0.0,0.0,0.0,2,2,0.17776412,0.17776412
38,Avery Williams,RB,RB,ATL,2022,-0.10886078,-0.10886078,-0.41310138,-0.41310138,0.2709255,0.2709255,0.023997756,0.023997756,2022,0.0,0.0,0.0,0.0,13,13,0.1620647,-0.38910362
39,Bailey Zappe,QB,QB,NE,2022,-1.2425923,-1.2425923,-1.2425923,-1.2425923,-2.033241,-2.033241,-1.5626986,-1.5626986,2022,1.9212544,1.9212544,2.0175958,2.0175958,4,4,-1.354579,-0.78769517
40,Baker Mayfield,QB,QB,CAR,2022,0.0,0.0,0.0,0.0,-0.80265045,-0.80265045,-0.1632466,-0.1632466,2022,-5.6758847,-5.6758847,-7.6987453,-7.6987453,7,7,-6.478535,-7.861992
41,Baker Mayfield,QB,QB,LA,2022,0.0,0.0,0.0,0.0,-0.86146545,-0.86146545,-1.2801619,-1.2801619,2022,0.21632335,0.21632335,-0.7551442,-0.7551442,4,4,-0.6451421,-2.035306
42,Ben Ellefson,TE,TE,MIN,2022,0.37269372,0.37269372,0.37269372,0.37269372,0.0,0.0,0.0,0.0,2022,0.0,0.0,0.0,0.0,2,2,0.37269372,0.37269372
43,Ben Skowronek,WR,WR,LA,2022,-0.39204428,-0.39204428,-0.23265617,-0.23265617,1.9739485,1.9739485,1.9739485,1.9739485,2022,0.0,0.0,0.0,0.0,14,14,1.5819042,1.7412924
44,Benny Snell,RB,RB,PIT,2022,0.78212035,0.78212035,0.78212035,0.78212035,1.443478,1.443478,0.9606301,0.9606301,2022,0.0,0.0,0.0,0.0,3,3,2.2255983,1.7427504
45,Blake Bell,TE,TE,KC,2022,2.0522754,2.0522754,2.0522754,2.0522754,0.0,0.0,0.0,0.0,2022,0.0,0.0,0.0,0.0,1,1,2.0522754,2.0522754
46,Boston Scott,RB,RB,PHI,2022,-0.7885029,-0.7885029,-0.51535136,-0.51535136,-0.4264654,-0.4264654,-0.32070702,-0.32070702,2022,0.0,0.0,0.0,0.0,12,12,-1.2149682,-0.8360584
47,Braden Mann,P,SPEC,NYJ,2022,0.0,0.0,0.0,0.0,0.0,0.0,0.0,0.0,2022,0.44602203,0.44602203,0.44602203,0.44602203,2,2,0.44602203,0.44602203
48,Brandin Cooks,WR,WR,HOU,2022,-0.54108864,-0.54108864,-1.1789001,-1.1789001,-0.25141117,-0.25141117,-0.25141117,-0.25141117,2022,0.0,0.0,0.0,0.0,12,12,-0.7924998,-1.4303113
49,Brandon Aiyuk,WR,WR,SF,2022,2.476601,2.476601,2.5639272,2.5639272,0.7618164,0.7618164,0.7618164,0.7618164,2022,0.0,0.0,0.0,0.0,16,16,3.2384171,3.3257437
50,Brandon Allen,QB,QB,CIN,2022,0.0,0.0,0.0,0.0,0.46789628,0.46789628,0.46789628,0.46789628,2022,-0.68825394,-0.68825394,-0.68825394,-0.68825394,1,1,-0.22035766,-0.22035766
51,Brandon Bolden,RB,RB,LV,2022,0.20463003,0.20463003,-0.13349886,-0.13349886,-1.047441,-1.047441,-0.6361747,-0.6361747,2022,0.0,0.0,0.0,0.0,8,8,-0.842811,-0.7696735
52,Brandon Johnson,WR,WR,DEN,2022,-3.2199566,-3.2199566,-0.9662212,-0.9662212,0.0,0.0,0.0,0.0,2022,0.0,0.0,0.0,0.0,4,4,-3.2199566,-0.9662212
53,Brandon Powell,WR,WR,LA,2022,0.17814192,0.17814192,-0.29584008,-0.29584008,0.040393956,0.040393956,-0.10522281,-0.10522281,2022,0.0,0.0,0.0,0.0,15,15,0.21853587,-0.4010629
54,Braxton Berrios,WR,WR,NYJ,2022,-0.6427924,-0.6427924,-0.24947786,-0.24947786,1.0365211,1.0365211,1.0444993,1.0444993,2022,1.1844527,1.1844527,1.1844527,1.1844527,15,15,1.5781813,1.9794741
55,Braylon Sanders,WR,WR,MIA,2022,-2.9744563,-2.9744563,-2.9744563,-2.9744563,0.0,0.0,0.0,0.0,2022,0.0,0.0,0.0,0.0,2,2,-2.9744563,-2.9744563
56,Breece Hall,RB,RB,NYJ,2022,-0.23878208,-0.23878208,-1.9426394,-1.9426394,1.9841585,1.9841585,2.401768,2.401768,2022,0.0,0.0,0.0,0.0,7,7,1.7453765,0.45912862
57,Breshad Perriman,WR,WR,TB,2022,-0.42958027,-0.42958027,-0.7278951,-0.7278951,-1.7930677,-1.7930677,-1.7930677,-1.7930677,2022,0.0,0.0,0.0,0.0,7,7,-2.222648,-2.5209627
58,Brett Rypien,QB,QB,DEN,2022,0.0,0.0,0.0,0.0,-0.18054885,-0.18054885,-0.9452289,-0.9452289,2022,-7.307212,-7.307212,-7.30969,-7.30969,4,4,-7.4877605,-8.254919
59,Brevin Jordan,TE,TE,HOU,2022,-1.5212517,-1.5212517,-0.37535644,-0.37535644,0.0,0.0,0.0,0.0,2022,0.0,0.0,0.0,0.0,9,9,-1.5212517,-0.37535644
60,Brian Hoyer,QB,QB,NE,2022,0.0,0.0,0.0,0.0,0.0,0.0,0.0,0.0,2022,-2.126524,-2.126524,-2.126524,-2.126524,1,1,-2.126524,-2.126524
61,Brian Robinson,RB,RB,WAS,2022,-0.2943524,-0.2943524,1.0373225,1.0373225,-0.5196164,-0.5196164,-0.93236244,-0.93236244,2022,0.0,0.0,0.0,0.0,12,12,-0.81396884,0.104960084
62,Brock Purdy,QB,QB,SF,2022,0.0,0.0,0.0,0.0,-1.0686414,-1.0686414,-0.44297385,-0.44297385,2022,5.096528,5.096528,6.71505,6.71505,8,8,4.0278864,6.2720766
63,Brock Wright,TE,TE,DET,2022,1.4254884,1.4254884,1.3299062,1.3299062,0.0,0.0,0.0,0.0,2022,0.0,0.0,0.0,0.0,12,12,1.4254884,1.3299062
64,Bryan Edwards,WR,WR,ATL,2022,-1.4877485,-1.4877485,-0.82356983,-0.82356983,0.0,0.0,0.0,0.0,2022,0.0,0.0,0.0,0.0,4,4,-1.4877485,-0.82356983
65,Bryce Perkins,QB,QB,LA,2022,0.0,0.0,0.0,0.0,0.49331316,0.49331316,0.50985724,0.50985724,2022,-6.216977,-6.216977,-4.43101,-4.43101,5,5,-5.723664,-3.9211526
66,Brycen Hopkins,TE,TE,LA,2022,0.23842506,0.23842506,-0.64158094,-0.64158094,0.0,0.0,0.0,0.0,2022,0.0,0.0,0.0,0.0,6,6,0.23842506,-0.64158094
67,Byron Pringle,WR,WR,CHI,2022,1.324469,1.324469,1.6922024,1.6922024,0.0,0.0,0.0,0.0,2022,0.0,0.0,0.0,0.0,7,7,1.324469,1.6922024
68,C.J. Beathard,QB,QB,JAX,2022,0.0,0.0,0.0,0.0,0.0,0.0,0.0,0.0,2022,-5.8005705,-5.8005705,-5.8005705,-5.8005705,4,4,-5.8005705,-5.8005705
69,C.J. Board,WR,WR,TEN,2022,0.20860909,0.20860909,0.20860909,0.20860909,0.0,0.0,0.0,0.0,2022,0.0,0.0,0.0,0.0,1,1,0.20860909,0.20860909
70,C.J. Ham,FB,RB,MIN,2022,0.3367552,0.3367552,0.47498935,0.47498935,0.36174816,0.36174816,0.88977855,0.88977855,2022,0.0,0.0,0.0,0.0,8,8,0.6985034,1.3647679
71,C.J. Moore,FS,DB,DET,2022,0.0,0.0,0.0,0.0,3.418707,3.418707,3.418707,3.418707,2022,0.0,0.0,0.0,0.0,2,2,3.418707,3.418707
72,C.J. Uzomah,TE,TE,NYJ,2022,0.9374442,0.9374442,1.2080679,1.2080679,0.0,0.0,0.0,0.0,2022,0.0,0.0,0.0,0.0,12,12,0.9374442,1.2080679
73,Cade Johnson,WR,WR,SEA,2022,-1.5884178,-1.5884178,-1.5884178,-1.5884178,0.0,0.0,0.0,0.0,2022,0.0,0.0,0.0,0.0,1,1,-1.5884178,-1.5884178
74,Cade Otton,TE,TE,TB,2022,0.3002373,0.3002373,0.56259036,0.56259036,0.0,0.0,0.0,0.0,2022,0.0,0.0,0.0,0.0,13,13,0.3002373,0.56259036
75,Caleb Huntley,RB,RB,ATL,2022,-0.38227183,-0.38227183,-0.38227183,-0.38227183,0.3317498,0.3317498,-0.07823227,-0.07823227,2022,0.0,0.0,0.0,0.0,12,12,-0.05052203,-0.4605041
76,Cam Akers,RB,RB,LA,2022,0.5659583,0.5659583,0.102256365,0.102256365,-0.9830865,-0.9830865,-1.5174118,-1.5174118,2022,0.0,0.0,0.0,0.0,14,14,-0.4171282,-1.4151554
77,Cam Sims,WR,WR,WAS,2022,-0.24065457,-0.24065457,-0.47560662,-0.47560662,0.0,0.0,0.0,0.0,2022,0.0,0.0,0.0,0.0,11,11,-0.24065457,-0.47560662
78,Cameron Brate,TE,TE,TB,2022,-1.3047069,-1.3047069,-0.26913548,-0.26913548,0.0,0.0,0.0,0.0,2022,0.0,0.0,0.0,0.0,9,9,-1.3047069,-0.26913548
79,Carson Wentz,QB,QB,WAS,2022,0.0,0.0,0.0,0.0,0.86785513,0.86785513,0.31438825,0.31438825,2022,-4.6615815,-4.6615815,-3.6590633,-3.6590633,8,8,-3.7937264,-3.344675
80,Case Keenum,QB,QB,BUF,2022,0.0,0.0,0.0,0.0,-2.6957738,-2.6957738,-2.6957738,-2.6957738,2022,-2.893137,-2.893137,-2.893137,-2.893137,2,2,-5.588911,-5.588911
81,Cedrick Wilson,WR,WR,MIA,2022,0.7664301,0.7664301,0.8678962,0.8678962,0.5464192,0.5464192,0.5464192,0.5464192,2022,-1.2526237,-1.2526237,-1.2526237,-1.2526237,9,9,0.060225606,0.16169178
82,CeeDee Lamb,WR,WR,DAL,2022,3.567114,3.567114,4.2193108,4.2193108,0.008532124,0.008532124,-0.025249654,-0.025249654,2022,0.0,0.0,0.0,0.0,16,16,3.5756462,4.1940613
83,Chad Henne,QB,QB,KC,2022,0.0,0.0,0.0,0.0,0.0,0.0,0.0,0.0,2022,-1.8915138,-1.8915138,-1.8915138,-1.8915138,1,1,-1.8915138,-1.8915138
84,Charlie Woerner,TE,TE,SF,2022,-0.708079,-0.708079,-0.708079,-0.708079,0.0,0.0,0.0,0.0,2022,0.0,0.0,0.0,0.0,2,2,-0.708079,-0.708079
85,Chase Claypool,WR,WR,CHI,2022,-1.5137634,-1.5137634,-0.9512063,-0.9512063,-0.05839256,-0.05839256,-0.05839256,-0.05839256,2022,0.0,0.0,0.0,0.0,6,6,-1.572156,-1.0095989
86,Chase Claypool,WR,WR,PIT,2022,0.69989574,0.69989574,-0.040862754,-0.040862754,0.7977964,0.7977964,0.8816832,0.8816832,2022,2.5532115,2.5532115,2.5532115,2.5532115,8,8,4.0509033,3.394032
87,Chase Daniel,QB,QB,LAC,2022,0.0,0.0,0.0,0.0,0.0,0.0,0.0,0.0,2022,0.035227716,0.035227716,0.035227716,0.035227716,2,2,0.035227716,0.035227716
88,Chase Edmonds,RB,RB,DEN,2022,0.8678922,0.8678922,0.6632608,0.6632608,-0.5485699,-0.5485699,-0.20028436,-0.20028436,2022,0.0,0.0,0.0,0.0,4,4,0.3193223,0.46297646
89,Chase Edmonds,RB,RB,MIA,2022,0.35084254,0.35084254,0.47861847,0.47861847,-1.6266173,-1.6266173,-0.8084084,-0.8084084,2022,0.0,0.0,0.0,0.0,8,8,-1.2757747,-0.3297899
90,Chigoziem Okonkwo,TE,TE,TEN,2022,1.2906201,1.2906201,0.9710977,0.9710977,-1.0582993,-1.0582993,-0.45083877,-0.45083877,2022,0.0,0.0,0.0,0.0,14,14,0.23232079,0.5202589
91,Chris Conley,WR,WR,HOU,2022,-2.0706286,-2.0706286,-2.0706286,-2.0706286,0.0,0.0,0.0,0.0,2022,0.0,0.0,0.0,0.0,1,1,-2.0706286,-2.0706286
92,Chris Conley,WR,WR,TEN,2022,0.83192474,0.83192474,1.7630839,1.7630839,0.0,0.0,0.0,0.0,2022,0.0,0.0,0.0,0.0,3,3,0.83192474,1.7630839
93,Chris Evans,RB,RB,CIN,2022,0.57745624,0.57745624,0.5742427,0.5742427,0.0,0.0,0.0,0.0,2022,0.0,0.0,0.0,0.0,4,4,0.57745624,0.5742427
94,Chris Godwin,WR,WR,TB,2022,2.2509634,2.2509634,2.6188016,2.6188016,-0.5025848,-0.5025848,-0.44931856,-0.44931856,2022,0.0,0.0,0.0,0.0,14,14,1.7483786,2.169483
95,Chris Manhertz,TE,TE,JAX,2022,-0.11549604,-0.11549604,-0.32070863,-0.32070863,0.0,0.0,0.0,0.0,2022,0.0,0.0,0.0,0.0,6,6,-0.11549604,-0.32070863
96,Chris Moore,WR,WR,HOU,2022,0.73994744,0.73994744,0.5069837,0.5069837,-0.47367293,-0.47367293,-0.47367293,-0.47367293,2022,0.0,0.0,0.0,0.0,14,14,0.2662745,0.03331077
97,Chris Myarick,TE,TE,NYG,2022,1.0346678,1.0346678,1.3747196,1.3747196,0.0,0.0,0.0,0.0,2022,0.0,0.0,0.0,0.0,7,7,1.0346678,1.3747196
98,Chris Olave,WR,WR,NO,2022,2.1705618,2.1705618,3.4089727,3.4089727,0.0,0.0,0.0,0.0,2022,0.0,0.0,0.0,0.0,14,14,2.1705618,3.4089727
99,Chris Streveler,QB,QB,NYJ,2022,0.0,0.0,0.0,0.0,1.4987127,1.4987127,1.4987127,1.4987127,2022,1.7202607,1.7202607,1.7202607,1.7202607,1,1,3.2189734,3.2189734
100,Christian Kirk,WR,WR,JAX,2022,1.5262347,1.5262347,0.6536469,0.6536469,-0.16623983,-0.16623983,-0.10160403,-0.10160403,2022,-0.3268064,-0.3268064,-0.3268064,-0.3268064,16,16,1.0331885,0.22523645
101,Christian McCaffrey,RB,RB,CAR,2022,-0.4945348,-0.4945348,0.5518595,0.5518595,0.33220664,0.33220664,-0.25931433,-0.25931433,2022,0.0,0.0,0.0,0.0,6,6,-0.16232815,0.29254517
102,Christian McCaffrey,RB,RB,SF,2022,1.9020274,1.9020274,1.8979743,1.8979743,0.1090941,0.1090941,-0.22348219,-0.22348219,2022,3.7711363,3.7711363,3.7711363,3.7711363,10,10,5.782258,5.445628
103,Christian Watson,WR,WR,GB,2022,2.0617878,2.0617878,-0.26220074,-0.26220074,1.2009004,1.2009004,0.47046378,0.47046378,2022,0.0,0.0,0.0,0.0,13,13,3.2626882,0.20826304
104,Chuba Hubbard,RB,RB,CAR,2022,0.35627776,0.35627776,0.5955704,0.5955704,0.41557634,0.41557634,-0.59291,-0.59291,2022,0.0,0.0,0.0,0.0,11,11,0.7718541,0.0026603937
105,Clayton Fejedelem,SS,DB,MIA,2022,0.0,0.0,0.0,0.0,-3.773301,-3.773301,-3.773301,-3.773301,2022,0.0,0.0,0.0,0.0,1,1,-3.773301,-3.773301
106,Clyde Edwards-Helaire,RB,RB,KC,2022,1.2787014,1.2787014,1.3857577,1.3857577,0.22188023,0.22188023,0.24548511,0.24548511,2022,0.0,0.0,0.0,0.0,10,10,1.5005816,1.6312428
107,Cody Hollister,WR,WR,TEN,2022,-1.0958971,-1.0958971,0.39357495,0.39357495,0.0,0.0,0.0,0.0,2022,0.0,0.0,0.0,0.0,4,4,-1.0958971,0.39357495
108,Cody White,WR,WR,PIT,2022,-0.41592732,-0.41592732,-0.41592732,-0.41592732,0.0,0.0,0.0,0.0,2022,0.0,0.0,0.0,0.0,1,1,-0.41592732,-0.41592732
109,Colby Parkinson,TE,TE,SEA,2022,0.55021155,0.55021155,0.35510957,0.35510957,0.0,0.0,0.0,0.0,2022,0.0,0.0,0.0,0.0,13,13,0.55021155,0.35510957
110,Cole Beasley,WR,WR,BUF,2022,0.4423398,0.4423398,0.4423398,0.4423398,0.0,0.0,0.0,0.0,2022,0.0,0.0,0.0,0.0,2,2,0.4423398,0.4423398
111,Cole Beasley,WR,WR,TB,2022,-0.2794661,-0.2794661,-0.2794661,-0.2794661,0.0,0.0,0.0,0.0,2022,0.0,0.0,0.0,0.0,2,2,-0.2794661,-0.2794661
112,Cole Kmet,TE,TE,CHI,2022,0.47295704,0.47295704,0.743026,0.743026,1.1386365,1.1386365,1.1386365,1.1386365,2022,0.0,0.0,0.0,0.0,16,16,1.6115935,1.8816625
113,Cole Turner,TE,TE,WAS,2022,-1.3498765,-1.3498765,-1.6851306,-1.6851306,0.0,0.0,0.0,0.0,2022,0.0,0.0,0.0,0.0,5,5,-1.3498765,-1.6851306
114,Colt McCoy,QB,QB,ARI,2022,0.0,0.0,0.0,0.0,0.30272266,0.30272266,-0.3388396,-0.3388396,2022,-7.520995,-7.520995,-6.2334023,-6.2334023,4,4,-7.2182727,-6.572242
115,Connor Heyward,TE,TE,PIT,2022,-0.14834012,-0.14834012,0.7401812,0.7401812,-0.061399408,-0.061399408,-0.061399408,-0.061399408,2022,0.0,0.0,0.0,0.0,7,7,-0.20973954,0.6787818
116,Cooper Kupp,WR,WR,LA,2022,1.8157853,1.8157853,3.6975694,3.6975694,0.2621474,0.2621474,0.49879518,0.49879518,2022,-0.46752027,-0.46752027,-0.46752027,-0.46752027,9,9,1.6104124,3.7288442
117,Cooper Rush,QB,QB,DAL,2022,0.0,0.0,0.0,0.0,-0.8222835,-0.8222835,-0.64267737,-0.64267737,2022,-1.1523297,-1.1523297,1.2583513,1.2583513,7,7,-1.9746132,0.61567396
118,Cordarrelle Patterson,RB,RB,ATL,2022,-1.5664895,-1.5664895,-0.7104479,-0.7104479,-0.16081987,-0.16081987,-0.31653887,-0.31653887,2022,0.0,0.0,0.0,0.0,12,12,-1.7273093,-1.0269868
119,Corey Clement,RB,RB,ARI,2022,0.7670869,0.7670869,1.6007321,1.6007321,-1.6453596,-1.6453596,-1.6453596,-1.6453596,2022,0.0,0.0,0.0,0.0,3,3,-0.8782727,-0.044627547
120,Corey Davis,WR,WR,NYJ,2022,0.9367608,0.9367608,0.4607545,0.4607545,0.0,0.0,0.0,0.0,2022,0.0,0.0,0.0,0.0,12,12,0.9367608,0.4607545
121,Courtland Sutton,WR,WR,DEN,2022,1.7001404,1.7001404,1.256902,1.256902,0.17087476,0.17087476,0.17087476,0.17087476,2022,0.0,0.0,0.0,0.0,14,14,1.8710151,1.4277767
122,Craig Reynolds,RB,RB,DET,2022,0.9995837,0.9995837,0.7321809,0.7321809,-0.7083765,-0.7083765,-0.7116225,-0.7116225,2022,0.0,0.0,0.0,0.0,6,6,0.2912072,0.020558417
123,Curtis Samuel,WR,WR,WAS,2022,1.773554,1.773554,1.4405737,1.4405737,-0.09107713,-0.09107713,0.33743745,0.33743745,2022,0.0,0.0,0.0,0.0,16,16,1.6824769,1.7780111
124,D'Andre Swift,RB,RB,DET,2022,0.5019255,0.5019255,0.24892052,0.24892052,0.46382493,0.46382493,0.06002657,0.06002657,2022,0.0,0.0,0.0,0.0,13,13,0.96575046,0.3089471
125,D'Ernest Johnson,RB,RB,CLE,2022,-0.48228467,-0.48228467,-0.48228467,-0.48228467,-0.06391741,-0.06391741,-0.06391741,-0.06391741,2022,0.0,0.0,0.0,0.0,3,3,-0.54620206,-0.54620206
126,D'Onta Foreman,RB,RB,CAR,2022,-1.8220363,-1.8220363,-0.97967637,-0.97967637,0.09430928,0.09430928,-0.55929923,-0.55929923,2022,0.0,0.0,0.0,0.0,15,15,-1.7277269,-1.5389756
127,D'Wayne Eskridge,WR,WR,SEA,2022,-0.24560297,-0.24560297,-0.45462173,-0.45462173,0.22342789,0.22342789,0.22342789,0.22342789,2022,0.0,0.0,0.0,0.0,8,8,-0.022175074,-0.23119384
128,D.J. Chark,WR,WR,DET,2022,1.8434303,1.8434303,0.89057046,0.89057046,0.0,0.0,0.0,0.0,2022,0.0,0.0,0.0,0.0,10,10,1.8434303,0.89057046
129,D.J. Moore,WR,WR,CAR,2022,1.5209486,1.5209486,0.48117453,0.48117453,0.22941445,0.22941445,0.48573643,0.48573643,2022,0.0,0.0,0.0,0.0,16,16,1.7503631,0.96691096
130,D.J. Turner,WR,WR,LV,2022,-0.89491725,-0.89491725,-0.89491725,-0.89491725,0.13439448,0.13439448,0.13439448,0.13439448,2022,0.0,0.0,0.0,0.0,2,2,-0.7605228,-0.7605228
131,DK Metcalf,WR,WR,SEA,2022,1.1508647,1.1508647,0.8252534,0.8252534,0.0,0.0,0.0,0.0,2022,0.0,0.0,0.0,0.0,16,16,1.1508647,0.8252534
132,Dak Prescott,QB,QB,DAL,2022,0.0,0.0,0.0,0.0,1.0301539,1.0301539,1.3112972,1.3112972,2022,5.022998,5.022998,5.711441,5.711441,11,11,6.0531516,7.0227385
133,Dallas Goedert,TE,TE,PHI,2022,3.8366473,3.8366473,4.3371673,4.3371673,0.0,0.0,0.0,0.0,2022,0.0,0.0,0.0,0.0,11,11,3.8366473,4.3371673
134,Dallin Leavitt,FS,DB,GB,2022,0.0,0.0,0.0,0.0,-3.2366855,-3.2366855,-3.2366855,-3.2366855,2022,0.0,0.0,0.0,0.0,1,1,-3.2366855,-3.2366855
135,Dalton Schultz,TE,TE,DAL,2022,-0.006412472,-0.006412472,-0.7635122,-0.7635122,0.0,0.0,0.0,0.0,2022,0.0,0.0,0.0,0.0,14,14,-0.006412472,-0.7635122
136,Dalvin Cook,RB,RB,MIN,2022,0.48401883,0.48401883,0.44380143,0.44380143,-2.6047587,-2.6047587,-1.3609424,-1.3609424,2022,-6.8878922,-6.8878922,-6.8878922,-6.8878922,16,16,-9.008633,-7.805033
137,Dameon Pierce,RB,RB,HOU,2022,-0.8021937,-0.8021937,-0.011417774,-0.011417774,-2.1492608,-2.1492608,-1.930987,-1.930987,2022,0.0,0.0,0.0,0.0,13,13,-2.9514544,-1.9424047
138,Damien Harris,RB,RB,NE,2022,-0.013482915,-0.013482915,-0.33221367,-0.33221367,-0.1658552,-0.1658552,-0.67812467,-0.67812467,2022,0.0,0.0,0.0,0.0,10,10,-0.17933811,-1.0103383
139,Damien Williams,RB,RB,ATL,2022,0.0,0.0,0.0,0.0,-1.1297847,-1.1297847,-1.1297847,-1.1297847,2022,0.0,0.0,0.0,0.0,1,1,-1.1297847,-1.1297847
140,Damiere Byrd,WR,WR,ATL,2022,0.7426368,0.7426368,-0.7929752,-0.7929752,0.0,0.0,0.0,0.0,2022,0.0,0.0,0.0,0.0,11,11,0.7426368,-0.7929752
141,Dan Arnold,TE,TE,JAX,2022,0.5848696,0.5848696,0.6926681,0.6926681,0.0,0.0,0.0,0.0,2022,0.0,0.0,0.0,0.0,10,10,0.5848696,0.6926681
142,Daniel Bellinger,TE,TE,NYG,2022,0.8815241,0.8815241,1.335782,1.335782,1.2865709,1.2865709,1.2865709,1.2865709,2022,0.0,0.0,0.0,0.0,11,11,2.168095,2.622353
143,Daniel Jones,QB,QB,NYG,2022,0.0,0.0,0.0,0.0,2.4547749,2.4547749,0.92484546,0.92484546,2022,1.246828,1.246828,0.6245099,0.6245099,16,16,3.701603,1.5493553
144,Danny Gray,WR,WR,SF,2022,-0.7367457,-0.7367457,-0.97300714,-0.97300714,0.8061242,0.8061242,0.8061242,0.8061242,2022,0.0,0.0,0.0,0.0,5,5,0.069378495,-0.16688293
145,Dante Pettis,WR,WR,CHI,2022,-0.83137304,-0.83137304,-1.4299853,-1.4299853,1.4151621,1.4151621,1.4151621,1.4151621,2022,0.0,0.0,0.0,0.0,13,13,0.58378905,-0.014823198
146,Dare Ogunbowale,RB,RB,HOU,2022,-1.2898988,-1.2898988,-0.47883478,-0.47883478,-0.7728891,-0.7728891,-0.02401394,-0.02401394,2022,0.0,0.0,0.0,0.0,10,10,-2.0627878,-0.50284874
147,Darius Slayton,WR,WR,NYG,2022,2.7118587,2.7118587,2.6632073,2.6632073,0.0,0.0,0.0,0.0,2022,0.0,0.0,0.0,0.0,13,13,2.7118587,2.6632073
148,Darnell Mooney,WR,WR,CHI,2022,1.4041744,1.4041744,1.8103247,1.8103247,-0.6093796,-0.6093796,-0.6093796,-0.6093796,2022,0.0,0.0,0.0,0.0,11,11,0.79479486,1.2009451
149,Darrel Williams,RB,RB,ARI,2022,-1.3150498,-1.3150498,-1.2711682,-1.2711682,0.81982195,0.81982195,0.5686775,0.5686775,2022,0.0,0.0,0.0,0.0,5,5,-0.4952278,-0.70249075
150,Darrell Henderson,RB,RB,LA,2022,-0.28267074,-0.28267074,-0.20731355,-0.20731355,0.16013975,0.16013975,0.14376742,0.14376742,2022,0.0,0.0,0.0,0.0,10,10,-0.12253098,-0.063546136
151,Darren Waller,TE,TE,LV,2022,1.059526,1.059526,1.0242318,1.0242318,0.0,0.0,0.0,0.0,2022,0.0,0.0,0.0,0.0,7,7,1.059526,1.0242318
152,Darrynton Evans,RB,RB,CHI,2022,2.5792727,2.5792727,2.5792727,2.5792727,0.98745453,0.98745453,0.9048114,0.9048114,2022,0.0,0.0,0.0,0.0,3,3,3.5667272,3.4840841
153,Davante Adams,WR,WR,LV,2022,2.133515,2.133515,2.7558713,2.7558713,-1.2768266,-1.2768266,-1.2173175,-1.2173175,2022,-1.8045641,-1.8045641,-1.8045641,-1.8045641,16,16,-0.94787586,-0.26601028
154,David Bakhtiari,T,OL,GB,2022,-5.99149,-5.99149,-5.99149,-5.99149,0.0,0.0,0.0,0.0,2022,0.0,0.0,0.0,0.0,1,1,-5.99149,-5.99149
155,David Bell,WR,WR,CLE,2022,-0.34788916,-0.34788916,-0.055335023,-0.055335023,0.0,0.0,0.0,0.0,2022,0.0,0.0,0.0,0.0,13,13,-0.34788916,-0.055335023
156,David Blough,QB,QB,ARI,2022,0.0,0.0,0.0,0.0,-0.6365242,-0.6365242,-0.6365242,-0.6365242,2022,1.7515852,1.7515852,1.7515852,1.7515852,1,1,1.115061,1.115061
157,David Johnson,RB,RB,NO,2022,1.2667341,1.2667341,1.2667341,1.2667341,-3.2925484,-3.2925484,-2.8409905,-2.8409905,2022,0.0,0.0,0.0,0.0,3,3,-2.0258143,-1.5742564
158,David Montgomery,RB,RB,CHI,2022,0.5171003,0.5171003,1.0734913,1.0734913,-0.8225753,-0.8225753,-0.33597904,-0.33597904,2022,0.0,0.0,0.0,0.0,15,15,-0.305475,0.7375123
159,David Njoku,TE,TE,CLE,2022,1.5531584,1.5531584,0.80688703,0.80688703,-1.2412875,-1.2412875,-1.2412875,-1.2412875,2022,0.0,0.0,0.0,0.0,13,13,0.31187093,-0.43440044
160,David Sills,WR,WR,NYG,2022,0.70034647,0.70034647,0.26874644,0.26874644,0.0,0.0,0.0,0.0,2022,0.0,0.0,0.0,0.0,7,7,0.70034647,0.26874644
161,Davis Mills,QB,QB,HOU,2022,0.0,0.0,0.0,0.0,0.24267116,0.24267116,-0.27503464,-0.27503464,2022,-5.7546735,-5.7546735,-6.10186,-6.10186,14,14,-5.5120025,-6.3768945
162,Dawson Knox,TE,TE,BUF,2022,1.2934358,1.2934358,0.9347124,0.9347124,0.0,0.0,0.0,0.0,2022,0.0,0.0,0.0,0.0,14,14,1.2934358,0.9347124
163,Dax Milne,WR,WR,WAS,2022,0.3558064,0.3558064,-0.03561674,-0.03561674,0.0,0.0,0.0,0.0,2022,0.0,0.0,0.0,0.0,7,7,0.3558064,-0.03561674
164,Daylen Baldwin,WR,WR,CLE,2022,1.7913617,1.7913617,1.7913617,1.7913617,0.0,0.0,0.0,0.0,2022,0.0,0.0,0.0,0.0,1,1,1.7913617,1.7913617
165,DeAndre Carter,WR,WR,LAC,2022,1.118044,1.118044,0.783119,0.783119,-1.5538863,-1.5538863,-1.5538863,-1.5538863,2022,0.0,0.0,0.0,0.0,15,15,-0.43584228,-0.7707673
166,DeAndre Hopkins,WR,WR,ARI,2022,0.9628576,0.9628576,1.0729362,1.0729362,0.0,0.0,0.0,0.0,2022,0.0,0.0,0.0,0.0,9,9,0.9628576,1.0729362
167,DeSean Jackson,WR,WR,BAL,2022,0.23340382,0.23340382,-0.23520465,-0.23520465,0.0,0.0,0.0,0.0,2022,0.0,0.0,0.0,0.0,7,7,0.23340382,-0.23520465
168,DeVante Parker,WR,WR,NE,2022,0.850441,0.850441,1.3955085,1.3955085,0.0,0.0,0.0,0.0,2022,0.0,0.0,0.0,0.0,11,11,0.850441,1.3955085
169,DeVonta Smith,WR,WR,PHI,2022,3.8787627,3.8787627,3.7738104,3.7738104,0.0,0.0,0.0,0.0,2022,0.0,0.0,0.0,0.0,16,16,3.8787627,3.7738104
170,DeeJay Dallas,RB,RB,SEA,2022,0.26019886,0.26019886,-0.70955855,-0.70955855,0.2552154,0.2552154,-0.014972021,-0.014972021,2022,-4.8671126,-4.8671126,-4.8671126,-4.8671126,10,10,-4.3516984,-5.5916433
171,Deebo Samuel,WR,WR,SF,2022,0.70335466,0.70335466,0.7457351,0.7457351,-0.6891866,-0.6891866,-0.79397345,-0.79397345,2022,0.0,0.0,0.0,0.0,12,12,0.014168084,-0.048238337
172,Demarcus Robinson,WR,WR,BAL,2022,0.65622187,0.65622187,0.29111996,0.29111996,0.0,0.0,0.0,0.0,2022,0.0,0.0,0.0,0.0,15,15,0.65622187,0.29111996
173,Demetric Felton,RB,RB,CLE,2022,-0.3657404,-0.3657404,-0.43960476,-0.43960476,-1.2909204,-1.2909204,-1.2909204,-1.2909204,2022,0.0,0.0,0.0,0.0,4,4,-1.6566608,-1.7305251
174,Dennis Houston,WR,WR,DAL,2022,-2.5268111,-2.5268111,-2.5268111,-2.5268111,0.0,0.0,0.0,0.0,2022,0.0,0.0,0.0,0.0,2,2,-2.5268111,-2.5268111
175,Denzel Mims,WR,WR,NYJ,2022,-0.31578758,-0.31578758,0.18627523,0.18627523,0.0,0.0,0.0,0.0,2022,0.0,0.0,0.0,0.0,9,9,-0.31578758,0.18627523
176,Deon Jackson,RB,RB,IND,2022,-0.7897391,-0.7897391,-0.56992,-0.56992,-1.4510195,-1.4510195,-0.5025586,-0.5025586,2022,0.0,0.0,0.0,0.0,11,11,-2.2407587,-1.0724785
177,Deonte Harty,WR,WR,NO,2022,-0.60536486,-0.60536486,-0.60536486,-0.60536486,0.0,0.0,0.0,0.0,2022,0.0,0.0,0.0,0.0,2,2,-0.60536486,-0.60536486
178,Derek Carr,QB,QB,LV,2022,0.0,0.0,0.0,0.0,0.19233601,0.19233601,0.2044502,0.2044502,2022,1.9530389,1.9530389,2.9331641,2.9331641,15,15,2.145375,3.1376143
179,Derek Watt,FB,RB,PIT,2022,0.39724144,0.39724144,-0.23538212,-0.23538212,0.24353029,0.24353029,0.4828792,0.4828792,2022,0.0,0.0,0.0,0.0,9,9,0.64077175,0.24749707
180,Derrick Henry,RB,RB,TEN,2022,0.9881191,0.9881191,0.8291679,0.8291679,-1.1416816,-1.1416816,-1.7384634,-1.7384634,2022,0.4664566,0.4664566,0.4664566,0.4664566,15,15,0.31289417,-0.4428389
181,Deshaun Watson,QB,QB,CLE,2022,0.0,0.0,0.0,0.0,0.81443536,0.81443536,-1.0776001,-1.0776001,2022,-4.0087776,-4.0087776,-4.5595245,-4.5595245,5,5,-3.1943421,-5.6371245
182,Desmond Ridder,QB,QB,ATL,2022,0.0,0.0,0.0,0.0,-3.6164813,-3.6164813,-3.2790606,-3.2790606,2022,-0.68886524,-0.68886524,-0.18216361,-0.18216361,3,3,-4.3053465,-3.4612243
183,Deven Thompkins,WR,WR,TB,2022,-0.06086378,-0.06086378,-0.06086378,-0.06086378,0.7143359,0.7143359,0.7143359,0.7143359,2022,0.0,0.0,0.0,0.0,1,1,0.6534721,0.6534721
184,Devin Asiasi,TE,TE,CIN,2022,-0.4880248,-0.4880248,-0.521801,-0.521801,0.0,0.0,0.0,0.0,2022,0.0,0.0,0.0,0.0,3,3,-0.4880248,-0.521801
185,Devin Duvernay,WR,WR,BAL,2022,1.4051924,1.4051924,0.72749424,0.72749424,0.90895563,0.90895563,0.95859635,0.95859635,2022,0.0,0.0,0.0,0.0,14,14,2.314148,1.6860906
186,Devin Singletary,RB,RB,BUF,2022,0.5060393,0.5060393,0.75714445,0.75714445,-0.8211451,-0.8211451,-1.4834596,-1.4834596,2022,0.0,0.0,0.0,0.0,15,15,-0.3151058,-0.72631514
187,Devine Ozigbo,RB,RB,DEN,2022,-0.1800523,-0.1800523,-0.1800523,-0.1800523,-0.75107527,-0.75107527,-0.75107527,-0.75107527,2022,0.0,0.0,0.0,0.0,3,3,-0.93112755,-0.93112755
188,Dezmon Patmon,WR,WR,IND,2022,-7.6431155,-7.6431155,-7.6431155,-7.6431155,0.0,0.0,0.0,0.0,2022,0.0,0.0,0.0,0.0,1,1,-7.6431155,-7.6431155
189,Diontae Johnson,WR,WR,PIT,2022,-0.3641437,-0.3641437,-0.71416944,-0.71416944,0.08480298,0.08480298,-0.22893125,-0.22893125,2022,0.0,0.0,0.0,0.0,16,16,-0.2793407,-0.9431007
190,Donald Parham,TE,TE,LAC,2022,1.2396412,1.2396412,1.9202908,1.9202908,0.0,0.0,0.0,0.0,2022,0.0,0.0,0.0,0.0,5,5,1.2396412,1.9202908
191,Donovan Peoples-Jones,WR,WR,CLE,2022,1.0454422,1.0454422,1.6908395,1.6908395,-0.38478002,-0.38478002,-0.38478002,-0.38478002,2022,0.0,0.0,0.0,0.0,16,16,0.6606622,1.3060595
192,Dontrell Hilliard,RB,RB,TEN,2022,0.52095515,0.52095515,-0.70227844,-0.70227844,0.06072784,0.06072784,-0.7064673,-0.7064673,2022,0.0,0.0,0.0,0.0,11,11,0.581683,-1.4087458
193,Drake London,WR,WR,ATL,2022,0.11995044,0.11995044,0.8939142,0.8939142,0.0,0.0,0.0,0.0,2022,0.0,0.0,0.0,0.0,16,16,0.11995044,0.8939142
194,Drew Sample,TE,TE,CIN,2022,-1.5079823,-1.5079823,-1.5079823,-1.5079823,0.0,0.0,0.0,0.0,2022,0.0,0.0,0.0,0.0,2,2,-1.5079823,-1.5079823
195,Duke Johnson,RB,RB,BUF,2022,0.0,0.0,0.0,0.0,-0.9670433,-0.9670433,-0.9670433,-0.9670433,2022,0.0,0.0,0.0,0.0,1,1,-0.9670433,-0.9670433
196,Durham Smythe,TE,TE,MIA,2022,-0.17244457,-0.17244457,0.3273003,0.3273003,0.6996898,0.6996898,0.6996898,0.6996898,2022,0.0,0.0,0.0,0.0,11,11,0.5272452,1.0269902
197,Dwayne Washington,RB,RB,NO,2022,0.539169,0.539169,0.539169,0.539169,-1.1136663,-1.1136663,-1.5873531,-1.5873531,2022,0.0,0.0,0.0,0.0,3,3,-0.5744973,-1.0481842
198,Dyami Brown,WR,WR,WAS,2022,0.70689386,0.70689386,-0.31721312,-0.31721312,0.9195813,0.9195813,0.9195813,0.9195813,2022,0.0,0.0,0.0,0.0,7,7,1.6264751,0.6023682
199,Elijah Mitchell,RB,RB,SF,2022,-1.0064518,-1.0064518,-1.0064518,-1.0064518,1.2113721,1.2113721,1.0149004,1.0149004,2022,0.0,0.0,0.0,0.0,4,4,0.20492029,0.008448601
200,Elijah Moore,WR,WR,NYJ,2022,-0.07652309,-0.07652309,-0.2390258,-0.2390258,-0.21538827,-0.21538827,-0.27214313,-0.27214313,2022,0.0,0.0,0.0,0.0,13,13,-0.29191136,-0.51116896
201,Eno Benjamin,RB,RB,ARI,2022,0.4659118,0.4659118,0.94958806,0.94958806,0.075732216,0.075732216,-0.19344136,-0.19344136,2022,0.0,0.0,0.0,0.0,9,9,0.54164404,0.75614667
202,Eno Benjamin,RB,RB,HOU,2022,0.0,0.0,0.0,0.0,-1.6966136,-1.6966136,-1.6966136,-1.6966136,2022,0.0,0.0,0.0,0.0,1,1,-1.6966136,-1.6966136
203,Eno Benjamin,RB,RB,NO,2022,-0.7658888,-0.7658888,-0.7658888,-0.7658888,0.00461496,0.00461496,0.00461496,0.00461496,2022,0.0,0.0,0.0,0.0,1,1,-0.76127386,-0.76127386
204,Equanimeous St. Brown,WR,WR,CHI,2022,0.2508014,0.2508014,-0.042892396,-0.042892396,0.33157194,0.33157194,-0.29222336,-0.29222336,2022,0.0,0.0,0.0,0.0,15,15,0.5823734,-0.33511576
205,Eric Saubert,TE,TE,DEN,2022,-0.26162627,-0.26162627,-0.19628544,-0.19628544,0.0,0.0,0.0,0.0,2022,0.0,0.0,0.0,0.0,11,11,-0.26162627,-0.19628544
206,Eric Tomlinson,TE,TE,DEN,2022,0.6552956,0.6552956,-0.23862025,-0.23862025,0.0,0.0,0.0,0.0,2022,0.0,0.0,0.0,0.0,7,7,0.6552956,-0.23862025
207,Evan Engram,TE,TE,JAX,2022,2.0631087,2.0631087,1.0010685,1.0010685,0.23601449,0.23601449,0.23601449,0.23601449,2022,0.0,0.0,0.0,0.0,16,16,2.2991233,1.237083
208,Ezekiel Elliott,RB,RB,DAL,2022,-0.1623144,-0.1623144,-0.09489326,-0.09489326,-0.56109,-0.56109,-0.97659564,-0.97659564,2022,0.0,0.0,0.0,0.0,14,14,-0.7234044,-1.0714889
209,Feleipe Franks,TE,TE,ATL,2022,-1.0948471,-1.0948471,-1.0948471,-1.0948471,-0.8380997,-0.8380997,-0.8380997,-0.8380997,2022,0.0,0.0,0.0,0.0,2,2,-1.9329468,-1.9329468
210,Foster Moreau,TE,TE,LV,2022,0.615073,0.615073,0.271046,0.271046,0.0,0.0,0.0,0.0,2022,0.0,0.0,0.0,0.0,13,13,0.615073,0.271046
211,Freddie Swain,WR,WR,DEN,2022,-3.662778,-3.662778,-3.662778,-3.662778,0.0,0.0,0.0,0.0,2022,0.0,0.0,0.0,0.0,2,2,-3.662778,-3.662778
212,Gabe Davis,WR,WR,BUF,2022,1.2853369,1.2853369,1.9101131,1.9101131,0.0,0.0,0.0,0.0,2022,0.0,0.0,0.0,0.0,14,14,1.2853369,1.9101131
213,Gardner Minshew,QB,QB,PHI,2022,0.0,0.0,0.0,0.0,-2.8435962,-2.8435962,-2.5508027,-2.5508027,2022,1.8563832,1.8563832,0.98765486,0.98765486,5,5,-0.987213,-1.5631478
214,Garrett Wilson,WR,WR,NYJ,2022,2.006933,2.006933,2.4600973,2.4600973,-0.56650054,-0.56650054,-0.7729173,-0.7729173,2022,-0.4925385,-0.4925385,-0.4925385,-0.4925385,16,16,0.9478939,1.1946416
215,Gary Brightwell,RB,RB,NYG,2022,1.2439364,1.2439364,1.2439364,1.2439364,-0.56748044,-0.56748044,0.045581926,0.045581926,2022,0.0,0.0,0.0,0.0,7,7,0.676456,1.2895184
216,Geno Smith,QB,QB,SEA,2022,0.0,0.0,0.0,0.0,-0.22445379,-0.22445379,-0.24951868,-0.24951868,2022,2.2678735,2.2678735,3.7732568,3.7732568,16,16,2.0434198,3.5237381
217,Geoff Swaim,TE,TE,TEN,2022,-0.21251267,-0.21251267,-0.341653,-0.341653,0.0,0.0,0.0,0.0,2022,0.0,0.0,0.0,0.0,10,10,-0.21251267,-0.341653
218,George Kittle,TE,TE,SF,2022,2.5438662,2.5438662,1.6517189,1.6517189,0.0,0.0,0.0,0.0,2022,0.0,0.0,0.0,0.0,14,14,2.5438662,1.6517189
219,George Pickens,WR,WR,PIT,2022,2.3408875,2.3408875,2.4303126,2.4303126,1.041827,1.041827,1.041827,1.041827,2022,0.0,0.0,0.0,0.0,16,16,3.3827145,3.4721396
220,Gerald Everett,TE,TE,LAC,2022,0.1152257,0.1152257,0.29798183,0.29798183,-0.5668091,-0.5668091,-0.5668091,-0.5668091,2022,0.0,0.0,0.0,0.0,14,14,-0.45158342,-0.2688273
221,Giovani Bernard,RB,RB,TB,2022,0.0,0.0,0.0,0.0,-4.235443,-4.235443,-4.235443,-4.235443,2022,0.0,0.0,0.0,0.0,1,1,-4.235443,-4.235443
222,Giovanni Ricci,TE,TE,CAR,2022,0.62371516,0.62371516,0.62582195,0.62582195,0.0,0.0,0.0,0.0,2022,0.0,0.0,0.0,0.0,6,6,0.62371516,0.62582195
223,Godwin Igwebuike,RB,RB,SEA,2022,-2.7943463,-2.7943463,-2.7943463,-2.7943463,-1.42176,-1.42176,-1.42176,-1.42176,2022,0.0,0.0,0.0,0.0,1,1,-4.2161064,-4.2161064
224,Grant Calcaterra,TE,TE,PHI,2022,0.41559932,0.41559932,-0.10907674,-0.10907674,0.0,0.0,0.0,0.0,2022,0.0,0.0,0.0,0.0,5,5,0.41559932,-0.10907674
225,Greg Dortch,WR,WR,ARI,2022,1.1543694,1.1543694,2.095867,2.095867,0.3488061,0.3488061,0.3156159,0.3156159,2022,0.0,0.0,0.0,0.0,10,10,1.5031755,2.4114828
226,Greg Dulcich,TE,TE,DEN,2022,0.046830848,0.046830848,-0.9577885,-0.9577885,0.0,0.0,0.0,0.0,2022,0.0,0.0,0.0,0.0,10,10,0.046830848,-0.9577885
227,Gunner Olszewski,WR,WR,PIT,2022,0.24889411,0.24889411,-0.22677809,-0.22677809,0.26697174,0.26697174,0.7039927,0.7039927,2022,0.0,0.0,0.0,0.0,9,9,0.51586586,0.47721463
228,Gus Edwards,RB,RB,BAL,2022,-0.50623393,-0.50623393,-0.50623393,-0.50623393,0.075692415,0.075692415,0.6932634,0.6932634,2022,0.0,0.0,0.0,0.0,8,8,-0.43054152,0.18702948
229,Harrison Bryant,TE,TE,CLE,2022,0.16539335,0.16539335,0.5701432,0.5701432,0.91342455,0.91342455,0.91342455,0.91342455,2022,0.0,0.0,0.0,0.0,13,13,1.0788178,1.4835677
230,Hassan Haskins,RB,RB,TEN,2022,-0.5200355,-0.5200355,-0.94527125,-0.94527125,-0.1189916,-0.1189916,-0.2512399,-0.2512399,2022,0.0,0.0,0.0,0.0,6,6,-0.6390271,-1.1965111
231,Hayden Hurst,TE,TE,CIN,2022,1.6200191,1.6200191,1.4204757,1.4204757,0.0,0.0,0.0,0.0,2022,0.0,0.0,0.0,0.0,12,12,1.6200191,1.4204757
232,Hunter Henry,TE,TE,NE,2022,0.8804895,0.8804895,0.95258856,0.95258856,0.0,0.0,0.0,0.0,2022,0.0,0.0,0.0,0.0,15,15,0.8804895,0.95258856
233,Hunter Renfrow,WR,WR,LV,2022,-0.37408903,-0.37408903,0.5833453,0.5833453,0.0,0.0,0.0,0.0,2022,0.0,0.0,0.0,0.0,9,9,-0.37408903,0.5833453
234,Ian Thomas,TE,TE,CAR,2022,0.30833364,0.30833364,0.115933225,0.115933225,0.0,0.0,0.0,0.0,2022,0.0,0.0,0.0,0.0,13,13,0.30833364,0.115933225
235,Ihmir Smith-Marsette,WR,WR,CHI,2022,-2.6750312,-2.6750312,-2.098553,-2.098553,-0.90304744,-0.90304744,-0.90304744,-0.90304744,2022,0.0,0.0,0.0,0.0,3,3,-3.5780787,-3.0016003
236,Irv Smith,TE,TE,MIN,2022,-0.6248305,-0.6248305,-0.6480776,-0.6480776,0.0,0.0,0.0,0.0,2022,0.0,0.0,0.0,0.0,7,7,-0.6248305,-0.6480776
237,Isaiah Hodgins,WR,WR,BUF,2022,0.35536206,0.35536206,0.35536206,0.35536206,0.0,0.0,0.0,0.0,2022,0.0,0.0,0.0,0.0,1,1,0.35536206,0.35536206
238,Isaiah Hodgins,WR,WR,NYG,2022,1.1453147,1.1453147,1.6221111,1.6221111,0.0,0.0,0.0,0.0,2022,0.0,0.0,0.0,0.0,8,8,1.1453147,1.6221111
239,Isaiah Likely,TE,TE,BAL,2022,-0.17578433,-0.17578433,-0.7226903,-0.7226903,0.0,0.0,0.0,0.0,2022,0.0,0.0,0.0,0.0,13,13,-0.17578433,-0.7226903
240,Isaiah McKenzie,WR,WR,BUF,2022,0.73264384,0.73264384,0.4084109,0.4084109,0.40728512,0.40728512,0.560889,0.560889,2022,0.0,0.0,0.0,0.0,14,14,1.1399289,0.9692999
241,Isaiah Spiller,RB,RB,LAC,2022,-0.0755167,-0.0755167,-0.0755167,-0.0755167,-1.4220296,-1.4220296,-1.7485422,-1.7485422,2022,0.0,0.0,0.0,0.0,5,5,-1.4975463,-1.8240589
242,Isiah Pacheco,RB,RB,KC,2022,0.66420126,0.66420126,0.80464363,0.80464363,-0.48347574,-0.48347574,-0.08017716,-0.08017716,2022,0.0,0.0,0.0,0.0,16,16,0.18072551,0.72446644
243,J.D. McKissic,RB,RB,WAS,2022,-2.2377799,-2.2377799,-2.114739,-2.114739,-0.56901693,-0.56901693,-0.48516703,-0.48516703,2022,0.0,0.0,0.0,0.0,8,8,-2.8067968,-2.599906
244,J.J. Taylor,RB,RB,NE,2022,0.88766974,0.88766974,0.88766974,0.88766974,-5.491076,-5.491076,-5.491076,-5.491076,2022,0.0,0.0,0.0,0.0,1,1,-4.6034064,-4.6034064
245,J.K. Dobbins,RB,RB,BAL,2022,0.029557887,0.029557887,0.24640906,0.24640906,1.1369065,1.1369065,-0.014381651,-0.014381651,2022,0.0,0.0,0.0,0.0,8,8,1.1664644,0.23202741
246,Ja'Marr Chase,WR,WR,CIN,2022,2.6040106,2.6040106,4.2091146,4.2091146,-1.5055486,-1.5055486,-0.4450567,-0.4450567,2022,-1.6040139,-1.6040139,-1.6040139,-1.6040139,11,11,-0.50555193,2.160044
247,Jack Conklin,T,OL,CLE,2022,-1.5234389,-1.5234389,-1.5234389,-1.5234389,0.0,0.0,0.0,0.0,2022,0.0,0.0,0.0,0.0,1,1,-1.5234389,-1.5234389
248,Jack Fox,P,SPEC,DET,2022,0.0,0.0,0.0,0.0,0.0,0.0,0.0,0.0,2022,2.9525986,2.9525986,2.9525986,2.9525986,1,1,2.9525986,2.9525986
249,Jack Stoll,TE,TE,PHI,2022,0.87914765,0.87914765,0.77103055,0.77103055,0.0,0.0,0.0,0.0,2022,0.0,0.0,0.0,0.0,9,9,0.87914765,0.77103055
250,Jacob Eason,QB,QB,CAR,2022,0.0,0.0,0.0,0.0,0.0,0.0,0.0,0.0,2022,-2.2612817,-2.2612817,-2.2612817,-2.2612817,1,1,-2.2612817,-2.2612817
251,Jacob Harris,WR,WR,LA,2022,2.7706954,2.7706954,2.7706954,2.7706954,0.0,0.0,0.0,0.0,2022,0.0,0.0,0.0,0.0,1,1,2.7706954,2.7706954
252,Jacoby Brissett,QB,QB,CLE,2022,0.0,0.0,0.0,0.0,1.5258776,1.5258776,2.040855,2.040855,2022,1.6410527,1.6410527,-0.26046678,-0.26046678,14,14,3.1669302,1.7803881
253,Jaelon Darden,WR,WR,TB,2022,0.430832,0.430832,0.430832,0.430832,-0.4046601,-0.4046601,-0.4046601,-0.4046601,2022,0.0,0.0,0.0,0.0,3,3,0.026171893,0.026171893
254,Jahan Dotson,WR,WR,WAS,2022,1.6294203,1.6294203,1.9596523,1.9596523,-0.88980496,-0.88980496,-0.88980496,-0.88980496,2022,0.0,0.0,0.0,0.0,11,11,0.7396153,1.0698473
255,Jake Ferguson,TE,TE,DAL,2022,0.7857689,0.7857689,0.7856861,0.7856861,0.0,0.0,0.0,0.0,2022,0.0,0.0,0.0,0.0,10,10,0.7857689,0.7856861
256,Jake Gervase,ILB,LB,LA,2022,2.6160583,2.6160583,2.6160583,2.6160583,0.0,0.0,0.0,0.0,2022,0.0,0.0,0.0,0.0,1,1,2.6160583,2.6160583
257,Jake Kumerow,WR,WR,BUF,2022,0.71006846,0.71006846,0.16744098,0.16744098,0.0,0.0,0.0,0.0,2022,0.0,0.0,0.0,0.0,4,4,0.71006846,0.16744098
258,Jake Tonges,TE,TE,CHI,2022,-0.56882393,-0.56882393,-0.56882393,-0.56882393,0.0,0.0,0.0,0.0,2022,0.0,0.0,0.0,0.0,1,1,-0.56882393,-0.56882393
259,Jakob Johnson,FB,RB,LV,2022,-0.6532628,-0.6532628,-0.77522475,-0.77522475,0.0,0.0,0.0,0.0,2022,0.0,0.0,0.0,0.0,5,5,-0.6532628,-0.77522475
260,Jakobi Meyers,WR,WR,NE,2022,2.6540222,2.6540222,2.8705435,2.8705435,0.5194464,0.5194464,0.5194464,0.5194464,2022,0.0,0.0,0.0,0.0,13,13,3.1734686,3.3899899
261,Jalen Camp,WR,WR,HOU,2022,0.5108519,0.5108519,0.5108519,0.5108519,0.0,0.0,0.0,0.0,2022,0.0,0.0,0.0,0.0,1,1,0.5108519,0.5108519
262,Jalen Guyton,WR,WR,LAC,2022,2.1320164,2.1320164,2.1320164,2.1320164,0.0,0.0,0.0,0.0,2022,0.0,0.0,0.0,0.0,2,2,2.1320164,2.1320164
263,Jalen Hurts,QB,QB,PHI,2022,0.0,0.0,0.0,0.0,3.433695,3.433695,3.9477239,3.9477239,2022,5.4849734,5.4849734,4.620432,4.620432,14,14,8.918669,8.568155
264,Jalen Nailor,WR,WR,MIN,2022,1.4698818,1.4698818,1.1043553,1.1043553,0.0,0.0,0.0,0.0,2022,0.0,0.0,0.0,0.0,4,4,1.4698818,1.1043553
265,Jalen Reagor,WR,WR,MIN,2022,-0.33558413,-0.33558413,-0.090253785,-0.090253785,0.7969814,0.7969814,0.49559298,0.49559298,2022,0.0,0.0,0.0,0.0,9,9,0.46139726,0.40533918
266,Jalen Tolbert,WR,WR,DAL,2022,-0.3436667,-0.3436667,-0.3436667,-0.3436667,0.0,0.0,0.0,0.0,2022,0.0,0.0,0.0,0.0,2,2,-0.3436667,-0.3436667
267,Jalen Virgil,WR,WR,DEN,2022,1.4015403,1.4015403,0.15294534,0.15294534,0.0,0.0,0.0,0.0,2022,0.0,0.0,0.0,0.0,4,4,1.4015403,0.15294534
268,Jamaal Williams,RB,RB,DET,2022,-0.21934362,-0.21934362,-0.51738566,-0.51738566,-1.7862041,-1.7862041,-1.1479969,-1.1479969,2022,0.0,0.0,0.0,0.0,16,16,-2.0055478,-1.6653826
269,Jamal Agnew,WR,WR,JAX,2022,0.4596752,0.4596752,-0.06664671,-0.06664671,0.760482,0.760482,1.029058,1.029058,2022,0.0,0.0,0.0,0.0,13,13,1.2201571,0.9624113
270,Jameis Winston,QB,QB,NO,2022,0.0,0.0,0.0,0.0,-1.0731102,-1.0731102,-0.9775296,-0.9775296,2022,-2.3376412,-2.3376412,1.2357728,1.2357728,3,3,-3.4107513,0.25824326
271,James Conner,RB,RB,ARI,2022,-0.46563756,-0.46563756,-0.6982862,-0.6982862,-0.19037756,-0.19037756,-0.17429492,-0.17429492,2022,0.0,0.0,0.0,0.0,13,13,-0.65601516,-0.8725811
272,James Cook,RB,RB,BUF,2022,0.43655267,0.43655267,0.32815042,0.32815042,0.38604355,0.38604355,0.23876506,0.23876506,2022,0.0,0.0,0.0,0.0,15,15,0.8225962,0.5669155
273,James Mitchell,TE,TE,DET,2022,1.3305829,1.3305829,1.0745181,1.0745181,0.0,0.0,0.0,0.0,2022,0.0,0.0,0.0,0.0,7,7,1.3305829,1.0745181
274,James Proche,WR,WR,BAL,2022,-0.99236834,-0.99236834,-0.75032395,-0.75032395,0.0,0.0,0.0,0.0,2022,-4.0428915,-4.0428915,-4.0428915,-4.0428915,6,6,-5.0352597,-4.7932153
275,James Robinson,RB,RB,JAX,2022,0.2959089,0.2959089,0.28236634,0.28236634,-1.3282369,-1.3282369,0.4311617,0.4311617,2022,0.0,0.0,0.0,0.0,7,7,-1.032328,0.71352804
276,James Robinson,RB,RB,NYJ,2022,-0.09009996,-0.09009996,-0.09009996,-0.09009996,-1.6797868,-1.6797868,-1.3586118,-1.3586118,2022,0.0,0.0,0.0,0.0,4,4,-1.7698867,-1.4487118
277,James Washington,WR,WR,DAL,2022,-0.32063922,-0.32063922,-0.32063922,-0.32063922,0.0,0.0,0.0,0.0,2022,0.0,0.0,0.0,0.0,1,1,-0.32063922,-0.32063922
278,Jameson Williams,WR,WR,DET,2022,-0.098964825,-0.098964825,-0.53769606,-0.53769606,2.3644335,2.3644335,2.3644335,2.3644335,2022,0.0,0.0,0.0,0.0,5,5,2.2654686,1.8267374
279,Jamie Gillan,P,SPEC,NYG,2022,0.0,0.0,0.0,0.0,-2.5080256,-2.5080256,-2.5080256,-2.5080256,2022,0.0,0.0,0.0,0.0,2,2,-2.5080256,-2.5080256
280,Jamison Crowder,WR,WR,BUF,2022,-0.27412078,-0.27412078,-0.7626787,-0.7626787,0.0,0.0,0.0,0.0,2022,0.0,0.0,0.0,0.0,4,4,-0.27412078,-0.7626787
281,Jamycal Hasty,RB,RB,JAX,2022,0.6712629,0.6712629,-0.16024987,-0.16024987,-0.4720763,-0.4720763,-0.24608701,-0.24608701,2022,0.0,0.0,0.0,0.0,13,13,0.19918662,-0.4063369
282,Jared Goff,QB,QB,DET,2022,-0.10016044,-0.10016044,-0.10016044,-0.10016044,-0.9617698,-0.9617698,-0.84182334,-0.84182334,2022,5.8421016,5.8421016,6.6618977,6.6618977,16,16,4.7801714,5.719914
283,Jarrett Stidham,QB,QB,LV,2022,0.0,0.0,0.0,0.0,1.8589478,1.8589478,1.8589478,1.8589478,2022,2.1704836,2.1704836,2.1704836,2.1704836,2,2,4.0294313,4.0294313
284,Jarvis Landry,WR,WR,NO,2022,-0.9771491,-0.9771491,-0.46175116,-0.46175116,0.0,0.0,0.0,0.0,2022,0.0,0.0,0.0,0.0,9,9,-0.9771491,-0.46175116
285,Jason Cabinda,FB,RB,DET,2022,-0.38881713,-0.38881713,-0.28995794,-0.28995794,-0.1241917,-0.1241917,-0.1241917,-0.1241917,2022,0.0,0.0,0.0,0.0,4,4,-0.51300883,-0.41414964
286,Jason Moore,WR,WR,LAC,2022,-0.7422924,-0.7422924,-0.7422924,-0.7422924,0.0,0.0,0.0,0.0,2022,0.0,0.0,0.0,0.0,1,1,-0.7422924,-0.7422924
287,Jauan Jennings,WR,WR,SF,2022,0.89913803,0.89913803,0.7336101,0.7336101,0.0,0.0,0.0,0.0,2022,0.0,0.0,0.0,0.0,15,15,0.89913803,0.7336101
288,Javonte Williams,RB,RB,DEN,2022,-1.3656877,-1.3656877,-1.5059156,-1.5059156,-1.5778418,-1.5778418,-1.6619914,-1.6619914,2022,0.0,0.0,0.0,0.0,4,4,-2.9435296,-3.167907
289,Jaylen Waddle,WR,WR,MIA,2022,4.604709,4.604709,6.2921886,6.2921886,0.66197,0.66197,0.66197,0.66197,2022,0.0,0.0,0.0,0.0,16,16,5.2666793,6.954159
290,Jaylen Warren,RB,RB,PIT,2022,0.77188694,0.77188694,0.31169528,0.31169528,0.54513645,0.54513645,0.4133445,0.4133445,2022,0.0,0.0,0.0,0.0,15,15,1.3170234,0.7250398
291,Jeff Driskel,QB,QB,HOU,2022,-0.10666325,-0.10666325,-0.10666325,-0.10666325,-1.3243948,-1.3243948,-1.2013037,-1.2013037,2022,-0.59528846,-0.59528846,-0.78100145,-0.78100145,6,6,-2.0263464,-2.0889683
292,Jeff Smith,WR,WR,NYJ,2022,0.9481106,0.9481106,1.619351,1.619351,0.0,0.0,0.0,0.0,2022,0.0,0.0,0.0,0.0,7,7,0.9481106,1.619351
293,Jeffery Wilson,RB,RB,MIA,2022,-0.706987,-0.706987,-1.0230122,-1.0230122,1.193977,1.193977,-0.30169484,-0.30169484,2022,0.0,0.0,0.0,0.0,7,7,0.48698997,-1.324707
294,Jeffery Wilson,RB,RB,SF,2022,-0.48031715,-0.48031715,-0.7786592,-0.7786592,-0.4751162,-0.4751162,-0.0074611604,-0.0074611604,2022,0.0,0.0,0.0,0.0,8,8,-0.95543337,-0.7861204
295,Jelani Woods,TE,TE,IND,2022,0.83921844,0.83921844,0.22430402,0.22430402,0.0,0.0,0.0,0.0,2022,0.0,0.0,0.0,0.0,11,11,0.83921844,0.22430402
296,Jeremy Ruckert,TE,TE,NYJ,2022,-0.5085544,-0.5085544,-0.5085544,-0.5085544,0.0,0.0,0.0,0.0,2022,0.0,0.0,0.0,0.0,1,1,-0.5085544,-0.5085544
297,Jerick McKinnon,RB,RB,KC,2022,1.4367201,1.4367201,0.3623344,0.3623344,-0.667662,-0.667662,-0.5351192,-0.5351192,2022,0.0,0.0,0.0,0.0,16,16,0.7690581,-0.17278478
298,Jerome Ford,RB,RB,CLE,2022,0.0,0.0,0.0,0.0,-1.7145491,-1.7145491,-1.7145491,-1.7145491,2022,0.0,0.0,0.0,0.0,2,2,-1.7145491,-1.7145491
299,Jerry Jeudy,WR,WR,DEN,2022,2.8133488,2.8133488,3.3503544,3.3503544,-0.7010111,-0.7010111,-0.7010111,-0.7010111,2022,0.0,0.0,0.0,0.0,14,14,2.1123376,2.6493433
300,Jesper Horsted,TE,TE,LV,2022,0.013341874,0.013341874,0.013341874,0.013341874,0.0,0.0,0.0,0.0,2022,0.0,0.0,0.0,0.0,2,2,0.013341874,0.013341874
301,Jimmy Garoppolo,QB,QB,SF,2022,0.0,0.0,0.0,0.0,-0.3066392,-0.3066392,0.41724452,0.41724452,2022,6.86422,6.86422,3.5641742,3.5641742,11,11,6.557581,3.9814186
302,JoJo Domann,OLB,LB,IND,2022,0.0,0.0,0.0,0.0,0.0,0.0,0.0,0.0,2022,0.0,0.0,0.0,0.0,1,1,0.0,0.0
303,Joe Burrow,QB,QB,CIN,2022,0.0,0.0,0.0,0.0,0.280813,0.280813,-0.1022376,-0.1022376,2022,6.3956733,6.3956733,9.304123,9.304123,15,15,6.6764865,9.201885
304,Joe Flacco,QB,QB,NYJ,2022,0.0,0.0,0.0,0.0,-0.068460524,-0.068460524,-0.068460524,-0.068460524,2022,-6.3563485,-6.3563485,-7.165435,-7.165435,4,4,-6.424809,-7.2338953
305,Joe Fortson,TE,TE,KC,2022,0.9144849,0.9144849,0.22858183,0.22858183,0.0,0.0,0.0,0.0,2022,0.0,0.0,0.0,0.0,9,9,0.9144849,0.22858183
306,Joe Mixon,RB,RB,CIN,2022,0.81007165,0.81007165,0.21660487,0.21660487,-0.7530369,-0.7530369,-1.249241,-1.249241,2022,0.0,0.0,0.0,0.0,13,13,0.05703473,-1.0326362
307,John Bates,TE,TE,WAS,2022,-0.31704062,-0.31704062,0.06971477,0.06971477,0.0,0.0,0.0,0.0,2022,0.0,0.0,0.0,0.0,9,9,-0.31704062,0.06971477
308,John Brown,WR,WR,BUF,2022,-0.50377214,-0.50377214,-0.50377214,-0.50377214,0.0,0.0,0.0,0.0,2022,0.0,0.0,0.0,0.0,1,1,-0.50377214,-0.50377214
309,John Wolford,QB,QB,LA,2022,0.0,0.0,0.0,0.0,1.027849,1.027849,1.027849,1.027849,2022,-9.87437,-9.87437,-9.87437,-9.87437,2,2,-8.84652,-8.84652
310,Johnny Mundt,TE,TE,MIN,2022,0.4156339,0.4156339,0.6734722,0.6734722,0.0,0.0,0.0,0.0,2022,0.0,0.0,0.0,0.0,13,13,0.4156339,0.6734722
311,Jonathan Taylor,RB,RB,IND,2022,-1.4229465,-1.4229465,-0.53960145,-0.53960145,-2.8654807,-2.8654807,-2.5073512,-2.5073512,2022,0.0,0.0,0.0,0.0,11,11,-4.2884274,-3.0469527
312,Jonathan Ward,RB,RB,TEN,2022,-0.08207637,-0.08207637,-0.08207637,-0.08207637,-0.17417812,-0.17417812,-0.17417812,-0.17417812,2022,0.0,0.0,0.0,0.0,1,1,-0.2562545,-0.2562545
313,Jonathan Williams,RB,RB,WAS,2022,-0.9102082,-0.9102082,-0.9102082,-0.9102082,-0.24155815,-0.24155815,0.32555047,0.32555047,2022,0.0,0.0,0.0,0.0,6,6,-1.1517664,-0.5846578
314,Jonnu Smith,TE,TE,NE,2022,0.04507032,0.04507032,-0.14332846,-0.14332846,0.70299894,0.70299894,0.70299894,0.70299894,2022,0.0,0.0,0.0,0.0,12,12,0.7480693,0.55967045
315,Jordan Akins,TE,TE,HOU,2022,1.3846507,1.3846507,0.80914587,0.80914587,0.0,0.0,0.0,0.0,2022,0.0,0.0,0.0,0.0,14,14,1.3846507,0.80914587
316,Jordan Howard,RB,RB,NO,2022,0.0,0.0,0.0,0.0,-0.47619748,-0.47619748,-0.47619748,-0.47619748,2022,0.0,0.0,0.0,0.0,1,1,-0.47619748,-0.47619748
317,Jordan Love,QB,QB,GB,2022,0.0,0.0,0.0,0.0,0.0,0.0,0.0,0.0,2022,0.882715,0.882715,-0.34911197,-0.34911197,4,4,0.882715,-0.34911197
318,Jordan Mason,RB,RB,SF,2022,0.0,0.0,0.0,0.0,0.64743525,0.64743525,0.44648135,0.44648135,2022,0.0,0.0,0.0,0.0,7,7,0.64743525,0.44648135
319,Jordan Wilkins,RB,RB,IND,2022,-0.91655946,-0.91655946,-0.85163164,-0.85163164,-0.3282886,-0.3282886,-0.5111483,-0.5111483,2022,0.0,0.0,0.0,0.0,4,4,-1.244848,-1.3627799
320,Josh Allen,QB,QB,BUF,2022,0.0,0.0,0.0,0.0,2.8529832,2.8529832,2.8632338,2.8632338,2022,6.148057,6.148057,6.2444577,6.2444577,15,15,9.00104,9.107692
321,Josh Gordon,WR,WR,TEN,2022,-0.48844737,-0.48844737,-0.48844737,-0.48844737,0.0,0.0,0.0,0.0,2022,0.0,0.0,0.0,0.0,1,1,-0.48844737,-0.48844737
322,Josh Jacobs,RB,RB,LV,2022,0.19866064,0.19866064,0.39560434,0.39560434,0.19657116,0.19657116,-0.37757766,-0.37757766,2022,0.0,0.0,0.0,0.0,16,16,0.39523178,0.01802668
323,Josh Johnson,QB,QB,SF,2022,0.0,0.0,0.0,0.0,-3.6153255,-3.6153255,-3.6153255,-3.6153255,2022,-0.8358491,-0.8358491,-0.8358491,-0.8358491,1,1,-4.4511747,-4.4511747
324,Josh Oliver,TE,TE,BAL,2022,0.49834573,0.49834573,-0.03330245,-0.03330245,0.0,0.0,0.0,0.0,2022,0.0,0.0,0.0,0.0,11,11,0.49834573,-0.03330245
325,Josh Palmer,WR,WR,LAC,2022,1.3850831,1.3850831,1.5316285,1.5316285,0.7268567,0.7268567,0.7268567,0.7268567,2022,0.0,0.0,0.0,0.0,15,15,2.11194,2.2584853
326,Josh Reynolds,WR,WR,DET,2022,1.0307252,1.0307252,0.8533799,0.8533799,0.0,0.0,0.0,0.0,2022,0.0,0.0,0.0,0.0,11,11,1.0307252,0.8533799
327,Joshua Dobbs,QB,QB,TEN,2022,0.0,0.0,0.0,0.0,-0.20653084,-0.20653084,-0.20653084,-0.20653084,2022,-8.409685,-8.409685,-8.409685,-8.409685,1,1,-8.616216,-8.616216
328,Joshua Kelley,RB,RB,LAC,2022,-0.31006238,-0.31006238,-0.4638464,-0.4638464,0.2311581,0.2311581,0.115713805,0.115713805,2022,0.0,0.0,0.0,0.0,11,11,-0.078904286,-0.34813258
329,Josiah Deguara,TE,TE,GB,2022,0.3860762,0.3860762,0.029387012,0.029387012,0.0,0.0,0.0,0.0,2022,0.0,0.0,0.0,0.0,9,9,0.3860762,0.029387012
330,JuJu Smith-Schuster,WR,WR,KC,2022,3.1419919,3.1419919,1.5388199,1.5388199,0.0,0.0,0.0,0.0,2022,0.0,0.0,0.0,0.0,15,15,3.1419919,1.5388199
331,Julio Jones,WR,WR,TB,2022,0.7485837,0.7485837,0.22201902,0.22201902,0.79771346,0.79771346,1.1655143,1.1655143,2022,0.0,0.0,0.0,0.0,10,10,1.5462971,1.3875334
332,Julius Chestnut,RB,RB,TEN,2022,0.39057648,0.39057648,0.39057648,0.39057648,-2.493425,-2.493425,-2.493425,-2.493425,2022,0.0,0.0,0.0,0.0,3,3,-2.1028485,-2.1028485
333,Justice Hill,RB,RB,BAL,2022,0.29710177,0.29710177,-0.38220736,-0.38220736,-0.23929705,-0.23929705,-0.45133147,-0.45133147,2022,0.0,0.0,0.0,0.0,12,12,0.05780472,-0.83353883
334,Justin Fields,QB,QB,CHI,2022,0.0,0.0,0.0,0.0,4.3455286,4.3455286,3.6205478,3.6205478,2022,-4.38475,-4.38475,-3.748562,-3.748562,15,15,-0.039221287,-0.12801433
335,Justin Herbert,QB,QB,LAC,2022,-1.393879,-1.393879,-1.393879,-1.393879,0.69393927,0.69393927,0.90538335,0.90538335,2022,0.50166696,0.50166696,0.5759123,0.5759123,16,16,-0.19827282,0.08741659
336,Justin Jackson,RB,RB,DET,2022,0.20580263,0.20580263,0.039988894,0.039988894,-0.85268915,-0.85268915,-0.90095675,-0.90095675,2022,0.0,0.0,0.0,0.0,11,11,-0.6468865,-0.8609679
337,Justin Jefferson,WR,WR,MIN,2022,4.581775,4.581775,4.6289077,4.6289077,0.7589008,0.7589008,1.007803,1.007803,2022,1.5265433,1.5265433,1.5265433,1.5265433,16,16,6.867219,7.163254
338,Justin Watson,WR,WR,KC,2022,0.19802277,0.19802277,0.05044736,0.05044736,0.0,0.0,0.0,0.0,2022,0.0,0.0,0.0,0.0,16,16,0.19802277,0.05044736
339,Juwan Johnson,TE,TE,NO,2022,0.9636952,0.9636952,1.3962591,1.3962591,0.0,0.0,0.0,0.0,2022,0.0,0.0,0.0,0.0,15,15,0.9636952,1.3962591
340,Juwann Winfree,WR,WR,GB,2022,-0.33282766,-0.33282766,-0.72723895,-0.72723895,0.0,0.0,0.0,0.0,2022,0.0,0.0,0.0,0.0,3,3,-0.33282766,-0.72723895
341,K.J. Hamler,WR,WR,DEN,2022,-0.084447265,-0.084447265,-0.72445154,-0.72445154,0.77270377,0.77270377,0.77270377,0.77270377,2022,0.0,0.0,0.0,0.0,6,6,0.6882565,0.048252225
342,K.J. Osborn,WR,WR,MIN,2022,0.74771374,0.74771374,0.64572316,0.64572316,1.0591668,1.0591668,0.7010432,0.7010432,2022,0.0,0.0,0.0,0.0,16,16,1.8068805,1.3467664
343,Kadarius Toney,WR,WR,KC,2022,1.4176146,1.4176146,0.78800833,0.78800833,1.528023,1.528023,1.528023,1.528023,2022,0.0,0.0,0.0,0.0,6,6,2.9456377,2.3160315
344,Kadarius Toney,WR,WR,NYG,2022,-1.6852899,-1.6852899,-1.6852899,-1.6852899,1.0582143,1.0582143,1.0582143,1.0582143,2022,0.0,0.0,0.0,0.0,2,2,-0.62707555,-0.62707555
345,Kalif Raymond,WR,WR,DET,2022,1.2128102,1.2128102,1.8353348,1.8353348,0.38319007,0.38319007,0.7727015,0.7727015,2022,0.0,0.0,0.0,0.0,15,15,1.5960002,2.6080363
346,Kamu Grugier-Hill,ILB,LB,ARI,2022,2.864477,2.864477,2.864477,2.864477,0.0,0.0,0.0,0.0,2022,0.0,0.0,0.0,0.0,1,1,2.864477,2.864477
347,Kareem Hunt,RB,RB,CLE,2022,-0.057815902,-0.057815902,-0.35099408,-0.35099408,-0.65787685,-0.65787685,-0.7257759,-0.7257759,2022,0.0,0.0,0.0,0.0,16,16,-0.71569276,-1.07677
348,Kavontae Turpin,WR,WR,DAL,2022,-0.8194716,-0.8194716,-0.8194716,-0.8194716,0.00556013,0.00556013,-0.307526,-0.307526,2022,0.0,0.0,0.0,0.0,5,5,-0.81391144,-1.1269976
349,Ke'Shawn Vaughn,RB,RB,TB,2022,0.33838207,0.33838207,0.33838207,0.33838207,-0.3016493,-0.3016493,-0.27932474,-0.27932474,2022,0.0,0.0,0.0,0.0,4,4,0.036732763,0.059057325
350,Keaontay Ingram,RB,RB,ARI,2022,1.1553695,1.1553695,1.1553695,1.1553695,-0.9704134,-0.9704134,-0.5249565,-0.5249565,2022,0.0,0.0,0.0,0.0,9,9,0.18495613,0.630413
351,Keelan Cole,WR,WR,LV,2022,0.8816632,0.8816632,0.53262484,0.53262484,0.0,0.0,0.0,0.0,2022,0.0,0.0,0.0,0.0,8,8,0.8816632,0.53262484
352,Keenan Allen,WR,WR,LAC,2022,2.0284085,2.0284085,2.427244,2.427244,0.588396,0.588396,0.588396,0.588396,2022,0.0,0.0,0.0,0.0,9,9,2.6168046,3.01564
353,Keisean Nixon,CB,DB,GB,2022,0.0,0.0,0.0,0.0,0.0,0.0,0.0,0.0,2022,0.0,0.0,0.0,0.0,1,1,0.0,0.0
354,Keith Kirkwood,WR,WR,NO,2022,-0.54814535,-0.54814535,-0.22724661,-0.22724661,0.0,0.0,0.0,0.0,2022,0.0,0.0,0.0,0.0,3,3,-0.54814535,-0.22724661
355,Keith Smith,FB,RB,ATL,2022,-0.80368996,-0.80368996,-0.80368996,-0.80368996,0.19935055,0.19935055,0.19935055,0.19935055,2022,0.0,0.0,0.0,0.0,2,2,-0.6043394,-0.6043394
356,Keke Coutee,WR,WR,IND,2022,-3.7991643,-3.7991643,-3.7991643,-3.7991643,0.0,0.0,0.0,0.0,2022,0.0,0.0,0.0,0.0,1,1,-3.7991643,-3.7991643
357,Kendall Blanton,TE,TE,LA,2022,0.9727644,0.9727644,0.9727644,0.9727644,0.0,0.0,0.0,0.0,2022,0.0,0.0,0.0,0.0,2,2,0.9727644,0.9727644
358,Kendall Hinton,WR,WR,DEN,2022,1.5011349,1.5011349,1.5384464,1.5384464,0.036374986,0.036374986,0.036374986,0.036374986,2022,0.0,0.0,0.0,0.0,11,11,1.5375099,1.5748215
359,Kendrick Bourne,WR,WR,NE,2022,0.70139545,0.70139545,0.46935692,0.46935692,-0.26966175,-0.26966175,-0.73585135,-0.73585135,2022,0.0,0.0,0.0,0.0,15,15,0.4317337,-0.26649442
360,Kene Nwangwu,RB,RB,MIN,2022,-0.007714779,-0.007714779,-0.007714779,-0.007714779,-2.724439,-2.724439,-2.724439,-2.724439,2022,0.0,0.0,0.0,0.0,2,2,-2.7321537,-2.7321537
361,Kenneth Gainwell,RB,RB,PHI,2022,-0.32801622,-0.32801622,-0.25562915,-0.25562915,0.36314422,0.36314422,0.36508682,0.36508682,2022,0.0,0.0,0.0,0.0,16,16,0.035127997,0.10945767
362,Kenneth Walker,RB,RB,SEA,2022,-1.0324054,-1.0324054,-0.8028757,-0.8028757,-0.6929171,-0.6929171,-1.3475039,-1.3475039,2022,0.0,0.0,0.0,0.0,14,14,-1.7253225,-2.1503797
363,Kenny Golladay,WR,WR,NYG,2022,-0.4496662,-0.4496662,-1.1095871,-1.1095871,0.0,0.0,0.0,0.0,2022,0.0,0.0,0.0,0.0,5,5,-0.4496662,-1.1095871
364,Kenny Pickett,QB,QB,PIT,2022,0.0,0.0,0.0,0.0,0.9579736,0.9579736,1.1684835,1.1684835,2022,-1.6813556,-1.6813556,-2.2273839,-2.2273839,12,12,-0.723382,-1.0589004
365,Kenyan Drake,RB,RB,BAL,2022,-0.5420549,-0.5420549,-0.8501273,-0.8501273,-0.8829181,-0.8829181,-0.75802416,-0.75802416,2022,0.0,0.0,0.0,0.0,11,11,-1.424973,-1.6081514
366,Kevin Harris,RB,RB,NE,2022,0.0,0.0,0.0,0.0,-0.3881892,-0.3881892,-0.28230068,-0.28230068,2022,0.0,0.0,0.0,0.0,5,5,-0.3881892,-0.28230068
367,Kevin White,WR,WR,NO,2022,0.6284556,0.6284556,-0.057002664,-0.057002664,0.0,0.0,0.0,0.0,2022,0.0,0.0,0.0,0.0,4,4,0.6284556,-0.057002664
368,KhaDarel Hodge,WR,WR,ATL,2022,1.3899919,1.3899919,1.5597037,1.5597037,0.0,0.0,0.0,0.0,2022,0.0,0.0,0.0,0.0,9,9,1.3899919,1.5597037
369,Khalil Herbert,RB,RB,CHI,2022,0.1351287,0.1351287,-0.28835276,-0.28835276,0.059072476,0.059072476,0.43049535,0.43049535,2022,0.0,0.0,0.0,0.0,12,12,0.19420119,0.1421426
370,Khalil Shakir,WR,WR,BUF,2022,0.5456316,0.5456316,-0.0025467724,-0.0025467724,0.0,0.0,0.0,0.0,2022,0.0,0.0,0.0,0.0,9,9,0.5456316,-0.0025467724
371,Khari Blasingame,FB,RB,CHI,2022,-0.5554934,-0.5554934,-0.5554934,-0.5554934,0.0,0.0,0.0,0.0,2022,0.0,0.0,0.0,0.0,1,1,-0.5554934,-0.5554934
372,Kirk Cousins,QB,QB,MIN,2022,0.0,0.0,0.0,0.0,0.102300555,0.102300555,0.09295182,0.09295182,2022,0.11584721,0.11584721,-0.9225487,-0.9225487,16,16,0.21814775,-0.8295969
373,Ko Kieft,TE,TE,TB,2022,0.5772223,0.5772223,0.7932377,0.7932377,0.0,0.0,0.0,0.0,2022,0.0,0.0,0.0,0.0,8,8,0.5772223,0.7932377
374,Kyle Allen,QB,QB,HOU,2022,0.0,0.0,0.0,0.0,-3.0714846,-3.0714846,-3.0714846,-3.0714846,2022,-17.002283,-17.002283,-17.002283,-17.002283,2,2,-20.073769,-20.073769
375,Kyle Juszczyk,FB,RB,SF,2022,0.5224599,0.5224599,0.19173485,0.19173485,0.25881913,0.25881913,0.3975128,0.3975128,2022,0.0,0.0,0.0,0.0,12,12,0.7812791,0.58924764
376,Kyle Philips,WR,WR,TEN,2022,-0.48389342,-0.48389342,-0.78162915,-0.78162915,0.0,0.0,0.0,0.0,2022,0.0,0.0,0.0,0.0,4,4,-0.48389342,-0.78162915
377,Kyle Pitts,TE,TE,ATL,2022,0.33775944,0.33775944,-0.12217821,-0.12217821,0.0,0.0,0.0,0.0,2022,0.0,0.0,0.0,0.0,10,10,0.33775944,-0.12217821
378,Kyle Rudolph,TE,TE,TB,2022,-0.017647669,-0.017647669,-0.024121076,-0.024121076,0.0,0.0,0.0,0.0,2022,0.0,0.0,0.0,0.0,4,4,-0.017647669,-0.024121076
379,Kylen Granson,TE,TE,IND,2022,-0.055685528,-0.055685528,-0.4702712,-0.4702712,-1.7525789,-1.7525789,-1.7525789,-1.7525789,2022,0.0,0.0,0.0,0.0,13,13,-1.8082644,-2.22285
380,Kyler Murray,QB,QB,ARI,2022,0.0,0.0,0.0,0.0,1.043977,1.043977,0.5236584,0.5236584,2022,-1.6588039,-1.6588039,-0.5783838,-0.5783838,11,11,-0.6148269,-0.05472541
381,Kylin Hill,RB,RB,GB,2022,0.0,0.0,0.0,0.0,0.5460712,0.5460712,0.5460712,0.5460712,2022,0.0,0.0,0.0,0.0,1,1,0.5460712,0.5460712
382,Kyren Williams,RB,RB,LA,2022,-0.27880082,-0.27880082,-0.24088123,-0.24088123,-0.5315294,-0.5315294,-0.45321065,-0.45321065,2022,0.0,0.0,0.0,0.0,8,8,-0.8103303,-0.6940919
383,Lamar Jackson,QB,QB,BAL,2022,0.0,0.0,0.0,0.0,3.3143418,3.3143418,2.3651836,2.3651836,2022,0.7856113,0.7856113,-0.3487705,-0.3487705,12,12,4.099953,2.0164132
384,Lance McCutcheon,WR,WR,LA,2022,-2.0007987,-2.0007987,-2.0007987,-2.0007987,0.0,0.0,0.0,0.0,2022,0.0,0.0,0.0,0.0,2,2,-2.0007987,-2.0007987
385,Laquon Treadwell,WR,WR,SEA,2022,-1.033144,-1.033144,-0.46519944,-0.46519944,0.0,0.0,0.0,0.0,2022,0.0,0.0,0.0,0.0,3,3,-1.033144,-0.46519944
386,Larry Rountree,RB,RB,LAC,2022,1.9599345,1.9599345,1.9599345,1.9599345,-5.9075913,-5.9075913,-5.9075913,-5.9075913,2022,0.0,0.0,0.0,0.0,1,1,-3.9476569,-3.9476569
387,Latavius Murray,RB,RB,DEN,2022,-0.9020962,-0.9020962,-1.2576244,-1.2576244,-1.1673752,-1.1673752,-0.9243825,-0.9243825,2022,0.0,0.0,0.0,0.0,11,11,-2.0694714,-2.1820068
388,Latavius Murray,RB,RB,NO,2022,0.53298724,0.53298724,0.53298724,0.53298724,2.87068,2.87068,2.87068,2.87068,2022,0.0,0.0,0.0,0.0,1,1,3.4036674,3.4036674
389,Laviska Shenault,WR,WR,CAR,2022,0.8695449,0.8695449,-0.082469456,-0.082469456,0.5445373,0.5445373,-0.089383826,-0.089383826,2022,0.0,0.0,0.0,0.0,12,12,1.4140823,-0.17185327
390,Lawrence Cager,TE,TE,NYG,2022,-0.48470187,-0.48470187,-0.4243428,-0.4243428,0.0,0.0,0.0,0.0,2022,0.0,0.0,0.0,0.0,4,4,-0.48470187,-0.4243428
391,Lawrence Cager,TE,TE,NYJ,2022,-6.817973,-6.817973,-6.817973,-6.817973,0.0,0.0,0.0,0.0,2022,0.0,0.0,0.0,0.0,1,1,-6.817973,-6.817973
392,Leonard Fournette,RB,RB,TB,2022,0.9198354,0.9198354,0.59194696,0.59194696,-2.4749758,-2.4749758,-2.6203275,-2.6203275,2022,-4.7260165,-4.7260165,-4.7260165,-4.7260165,15,15,-6.281157,-6.754397
393,Lil'Jordan Humphrey,WR,WR,NE,2022,0.10653805,0.10653805,0.27960083,0.27960083,0.0,0.0,0.0,0.0,2022,0.0,0.0,0.0,0.0,3,3,0.10653805,0.27960083
394,Logan Thomas,TE,TE,WAS,2022,-0.6039578,-0.6039578,-0.8588884,-0.8588884,0.0,0.0,0.0,0.0,2022,0.0,0.0,0.0,0.0,12,12,-0.6039578,-0.8588884
395,Lorenzo Carter,OLB,LB,ATL,2022,0.0,0.0,0.0,0.0,0.0,0.0,0.0,0.0,2022,0.0,0.0,0.0,0.0,1,1,0.0,0.0
396,Luke Farrell,TE,TE,JAX,2022,-0.44899708,-0.44899708,0.85859543,0.85859543,0.0,0.0,0.0,0.0,2022,0.0,0.0,0.0,0.0,3,3,-0.44899708,0.85859543
397,M.J. Stewart,SS,DB,HOU,2022,0.0,0.0,0.0,0.0,2.424545,2.424545,2.424545,2.424545,2022,0.0,0.0,0.0,0.0,1,1,2.424545,2.424545
398,Mac Jones,QB,QB,NE,2022,0.0,0.0,0.0,0.0,-0.29375157,-0.29375157,0.0,0.0,2022,-2.1260052,-2.1260052,-2.2350502,-2.2350502,13,13,-2.4197567,-2.2350502
399,Mack Hollins,WR,WR,LV,2022,2.0584521,2.0584521,1.2647403,1.2647403,1.0794957,1.0794957,1.0794957,1.0794957,2022,0.051149596,0.051149596,0.051149596,0.051149596,16,16,3.1890974,2.3953855
400,Malcolm Brown,RB,RB,LA,2022,0.24348462,0.24348462,0.2673054,0.2673054,-0.08225095,-0.08225095,-0.24551964,-0.24551964,2022,0.0,0.0,0.0,0.0,7,7,0.16123366,0.021785766
401,Malik Davis,RB,RB,DAL,2022,2.2636743,2.2636743,2.6654034,2.6654034,-0.455706,-0.455706,-1.2147875,-1.2147875,2022,0.0,0.0,0.0,0.0,5,5,1.8079683,1.4506159
402,Malik Willis,QB,QB,TEN,2022,0.0,0.0,0.0,0.0,-0.9837575,-0.9837575,-0.96632946,-0.96632946,2022,-6.472948,-6.472948,-4.326914,-4.326914,7,7,-7.4567056,-5.2932434
403,Marcedes Lewis,TE,TE,GB,2022,1.1612662,1.1612662,1.141288,1.141288,0.0,0.0,0.0,0.0,2022,0.0,0.0,0.0,0.0,6,6,1.1612662,1.141288
404,Marcus Allen,ILB,LB,PIT,2022,0.0,0.0,0.0,0.0,2.6432612,2.6432612,2.6432612,2.6432612,2022,0.0,0.0,0.0,0.0,1,1,2.6432612,2.6432612
405,Marcus Johnson,WR,WR,NYG,2022,-1.7272177,-1.7272177,-1.9234467,-1.9234467,0.0,0.0,0.0,0.0,2022,0.0,0.0,0.0,0.0,4,4,-1.7272177,-1.9234467
406,Marcus Jones,CB,DB,NE,2022,2.1260154,2.1260154,1.3871007,1.3871007,0.0,0.0,0.0,0.0,2022,0.0,0.0,0.0,0.0,4,4,2.1260154,1.3871007
407,Marcus Mariota,QB,QB,ATL,2022,0.0,0.0,0.0,0.0,0.76105946,0.76105946,0.76538163,0.76538163,2022,0.46566427,0.46566427,-0.44220906,-0.44220906,13,13,1.2267237,0.32317257
408,Mark Andrews,TE,TE,BAL,2022,1.6090302,1.6090302,0.7486601,0.7486601,1.3075311,1.3075311,1.4920721,1.4920721,2022,0.0,0.0,0.0,0.0,15,15,2.9165614,2.2407322
409,Mark Ingram,RB,RB,NO,2022,-1.0958095,-1.0958095,-1.0205941,-1.0205941,-1.2255291,-1.2255291,-0.96116513,-0.96116513,2022,0.0,0.0,0.0,0.0,10,10,-2.3213387,-1.9817593
410,Marlon Mack,RB,RB,DEN,2022,0.68912256,0.68912256,0.3982362,0.3982362,-0.17835292,-0.17835292,-0.42886466,-0.42886466,2022,0.0,0.0,0.0,0.0,5,5,0.5107696,-0.030628473
411,Marquez Callaway,WR,WR,NO,2022,-0.64091164,-0.64091164,0.3477905,0.3477905,0.0,0.0,0.0,0.0,2022,0.0,0.0,0.0,0.0,9,9,-0.64091164,0.3477905
412,Marquez Valdes-Scantling,WR,WR,KC,2022,1.1096857,1.1096857,1.6672642,1.6672642,-1.0038338,-1.0038338,-1.0038338,-1.0038338,2022,0.0,0.0,0.0,0.0,16,16,0.10585189,0.66343045
413,Marquise Brown,WR,WR,ARI,2022,0.44389945,0.44389945,2.116239,2.116239,-0.22807595,-0.22807595,-0.22807595,-0.22807595,2022,0.0,0.0,0.0,0.0,11,11,0.2158235,1.8881631
414,Marquise Goodwin,WR,WR,SEA,2022,1.7416815,1.7416815,1.0965197,1.0965197,-0.25497806,-0.25497806,-0.25497806,-0.25497806,2022,0.0,0.0,0.0,0.0,12,12,1.4867034,0.84154165
415,Marvin Jones,WR,WR,JAX,2022,0.95174164,0.95174164,1.529512,1.529512,0.0,0.0,0.0,0.0,2022,0.0,0.0,0.0,0.0,15,15,0.95174164,1.529512
416,Mason Kinsey,WR,WR,TEN,2022,0.0048524463,0.0048524463,0.0048524463,0.0048524463,0.0,0.0,0.0,0.0,2022,0.0,0.0,0.0,0.0,1,1,0.0048524463,0.0048524463
417,Mason Schreck,TE,TE,HOU,2022,-0.32775053,-0.32775053,-0.32775053,-0.32775053,0.0,0.0,0.0,0.0,2022,0.0,0.0,0.0,0.0,2,2,-0.32775053,-0.32775053
418,Matt Breida,RB,RB,NYG,2022,0.2646988,0.2646988,0.19808507,0.19808507,-0.0064394963,-0.0064394963,0.107789636,0.107789636,2022,0.0,0.0,0.0,0.0,16,16,0.2582593,0.3058747
419,Matt Ryan,QB,QB,IND,2022,0.0,0.0,0.0,0.0,-1.0032091,-1.0032091,-1.3422701,-1.3422701,2022,-2.0633337,-2.0633337,-3.6865716,-3.6865716,12,12,-3.0665429,-5.028842
420,Matthew Stafford,QB,QB,LA,2022,0.0,0.0,0.0,0.0,-0.35751992,-0.35751992,-0.30429175,-0.30429175,2022,-2.6708164,-2.6708164,0.43298313,0.43298313,9,9,-3.0283363,0.12869138
421,Matthias Farley,FS,DB,LV,2022,0.0,0.0,0.0,0.0,-4.0786285,-4.0786285,-4.0786285,-4.0786285,2022,0.0,0.0,0.0,0.0,1,1,-4.0786285,-4.0786285
422,Maurice Alexander,WR,WR,DET,2022,-0.66319275,-0.66319275,-0.66319275,-0.66319275,0.0,0.0,0.0,0.0,2022,0.0,0.0,0.0,0.0,1,1,-0.66319275,-0.66319275
423,Maxx Williams,TE,TE,ARI,2022,0.36531776,0.36531776,0.36531776,0.36531776,0.0,0.0,0.0,0.0,2022,0.0,0.0,0.0,0.0,2,2,0.36531776,0.36531776
424,Mecole Hardman,WR,WR,KC,2022,2.3231897,2.3231897,2.1679006,2.1679006,0.66754895,0.66754895,0.46170017,0.46170017,2022,0.0,0.0,0.0,0.0,8,8,2.9907386,2.6296008
425,Melvin Gordon,RB,RB,DEN,2022,0.111153305,0.111153305,-0.8030829,-0.8030829,-2.961523,-2.961523,-2.2197912,-2.2197912,2022,0.0,0.0,0.0,0.0,10,10,-2.8503697,-3.022874
426,Michael Bandy,WR,WR,LAC,2022,-0.3294456,-0.3294456,-0.72609144,-0.72609144,0.0,0.0,0.0,0.0,2022,0.0,0.0,0.0,0.0,7,7,-0.3294456,-0.72609144
427,Michael Burton,FB,RB,KC,2022,-0.086055316,-0.086055316,-0.43885726,-0.43885726,-0.38504392,-0.38504392,-1.2637687,-1.2637687,2022,0.0,0.0,0.0,0.0,6,6,-0.47109923,-1.702626
428,Michael Carter,RB,RB,NYJ,2022,-0.10768869,-0.10768869,0.25875223,0.25875223,-1.3635532,-1.3635532,-0.98666364,-0.98666364,2022,0.0,0.0,0.0,0.0,15,15,-1.4712418,-0.7279114
429,Michael Dickson,P,SPEC,SEA,2022,0.0,0.0,0.0,0.0,-4.2261763,-4.2261763,-4.2261763,-4.2261763,2022,0.0,0.0,0.0,0.0,2,2,-4.2261763,-4.2261763
430,Michael Gallup,WR,WR,DAL,2022,0.2999435,0.2999435,0.09568773,0.09568773,0.0,0.0,0.0,0.0,2022,0.0,0.0,0.0,0.0,13,13,0.2999435,0.09568773
431,Michael Jackson,CB,DB,SEA,2022,0.0,0.0,0.0,0.0,0.0,0.0,0.0,0.0,2022,0.0,0.0,0.0,0.0,1,1,0.0,0.0
432,Michael Pittman,WR,WR,IND,2022,1.3983995,1.3983995,0.9938607,0.9938607,1.9698296,1.9698296,1.9698296,1.9698296,2022,0.0,0.0,0.0,0.0,15,15,3.368229,2.9636903
433,Michael Thomas,WR,WR,NO,2022,5.565436,5.565436,4.9432597,4.9432597,0.0,0.0,0.0,0.0,2022,0.0,0.0,0.0,0.0,3,3,5.565436,4.9432597
434,Mike Boone,RB,RB,DEN,2022,-1.0212394,-1.0212394,-0.43017203,-0.43017203,-0.61503667,-0.61503667,-0.7848417,-0.7848417,2022,0.0,0.0,0.0,0.0,8,8,-1.636276,-1.2150137
435,Mike Davis,RB,RB,BAL,2022,-0.5202089,-0.5202089,-0.5202089,-0.5202089,-0.99903405,-0.99903405,-0.31833175,-0.31833175,2022,0.0,0.0,0.0,0.0,5,5,-1.519243,-0.8385407
436,Mike Evans,WR,WR,TB,2022,1.8025533,1.8025533,2.8365703,2.8365703,0.0,0.0,0.0,0.0,2022,0.0,0.0,0.0,0.0,15,15,1.8025533,2.8365703
437,Mike Gesicki,TE,TE,MIA,2022,0.21860957,0.21860957,-0.3885971,-0.3885971,0.0,0.0,0.0,0.0,2022,0.0,0.0,0.0,0.0,16,16,0.21860957,-0.3885971
438,Mike Strachan,WR,WR,IND,2022,-0.53320897,-0.53320897,-1.5183632,-1.5183632,0.0,0.0,0.0,0.0,2022,0.0,0.0,0.0,0.0,5,5,-0.53320897,-1.5183632
439,Mike Thomas,WR,WR,CIN,2022,-1.2339987,-1.2339987,-1.7537632,-1.7537632,0.0,0.0,0.0,0.0,2022,0.0,0.0,0.0,0.0,4,4,-1.2339987,-1.7537632
440,Mike White,QB,QB,NYJ,2022,0.0,0.0,0.0,0.0,1.2879107,1.2879107,1.2879107,1.2879107,2022,-1.9069664,-1.9069664,-3.0985417,-3.0985417,4,4,-0.61905575,-1.810631
441,Mike Williams,WR,WR,LAC,2022,2.5080519,2.5080519,3.7850108,3.7850108,0.0,0.0,0.0,0.0,2022,0.0,0.0,0.0,0.0,12,12,2.5080519,3.7850108
442,Mike Woods,WR,WR,CLE,2022,-1.5809784,-1.5809784,-1.0898882,-1.0898882,-1.5276494,-1.5276494,-1.5276494,-1.5276494,2022,0.0,0.0,0.0,0.0,5,5,-3.1086278,-2.6175375
443,Miles Boykin,WR,WR,PIT,2022,-0.29345864,-0.29345864,-0.4810342,-0.4810342,0.0,0.0,0.0,0.0,2022,0.0,0.0,0.0,0.0,3,3,-0.29345864,-0.4810342
444,Miles Sanders,RB,RB,PHI,2022,-0.8293885,-0.8293885,-0.55039245,-0.55039245,0.9582477,0.9582477,0.7873348,0.7873348,2022,0.0,0.0,0.0,0.0,16,16,0.12885922,0.23694235
445,Miller Forristall,TE,TE,CLE,2022,-0.5086182,-0.5086182,-0.5086182,-0.5086182,0.0,0.0,0.0,0.0,2022,0.0,0.0,0.0,0.0,1,1,-0.5086182,-0.5086182
446,Mitchell Trubisky,QB,QB,PIT,2022,0.0,0.0,0.0,0.0,-0.54384196,-0.54384196,0.6341227,0.6341227,2022,1.104324,1.104324,-1.4143336,-1.4143336,7,7,0.560482,-0.78021085
447,Mitchell Wilcox,TE,TE,CIN,2022,1.0302348,1.0302348,0.47632772,0.47632772,0.0,0.0,0.0,0.0,2022,0.0,0.0,0.0,0.0,9,9,1.0302348,0.47632772
448,Mo Alie-Cox,TE,TE,IND,2022,-0.31164977,-0.31164977,-0.45256802,-0.45256802,0.0,0.0,0.0,0.0,2022,0.0,0.0,0.0,0.0,13,13,-0.31164977,-0.45256802
449,Montrell Washington,WR,WR,DEN,2022,-1.1120552,-1.1120552,-1.1055425,-1.1055425,-0.0035891891,-0.0035891891,-0.4503895,-0.4503895,2022,0.0,0.0,0.0,0.0,9,9,-1.1156443,-1.555932
450,MyCole Pruitt,TE,TE,ATL,2022,0.67520684,0.67520684,0.88012177,0.88012177,0.0,0.0,0.0,0.0,2022,0.0,0.0,0.0,0.0,9,9,0.67520684,0.88012177
451,Myles Gaskin,RB,RB,MIA,2022,-2.1349466,-2.1349466,-2.1349466,-2.1349466,-2.497386,-2.497386,-2.497386,-2.497386,2022,0.0,0.0,0.0,0.0,2,2,-4.632333,-4.632333
452,N'Keal Harry,WR,WR,CHI,2022,1.577296,1.577296,0.93259203,0.93259203,0.0,0.0,0.0,0.0,2022,0.0,0.0,0.0,0.0,5,5,1.577296,0.93259203
453,Najee Harris,RB,RB,PIT,2022,0.12575957,0.12575957,-0.20464356,-0.20464356,-1.3489437,-1.3489437,-0.7685423,-0.7685423,2022,-0.06479256,-0.06479256,-0.06479256,-0.06479256,16,16,-1.2879766,-1.0379784
454,Nate Sudfeld,QB,QB,DET,2022,0.0,0.0,0.0,0.0,-1.7406414,-1.7406414,-1.7406414,-1.7406414,2022,-0.89872783,-0.89872783,-0.89872783,-0.89872783,2,2,-2.6393692,-2.6393692
455,Nathan Peterman,QB,QB,CHI,2022,0.0,0.0,0.0,0.0,0.0,0.0,0.0,0.0,2022,-0.7024723,-0.7024723,-0.7024723,-0.7024723,2,2,-0.7024723,-0.7024723
456,Nelson Agholor,WR,WR,NE,2022,-0.61644185,-0.61644185,-1.2172389,-1.2172389,0.0,0.0,0.0,0.0,2022,0.0,0.0,0.0,0.0,13,13,-0.61644185,-1.2172389
457,Nick Chubb,RB,RB,CLE,2022,0.31006315,0.31006315,0.08786853,0.08786853,0.71071553,0.71071553,1.6877772,1.6877772,2022,0.0,0.0,0.0,0.0,16,16,1.0207787,1.7756457
458,Nick Foles,QB,QB,IND,2022,0.0,0.0,0.0,0.0,-2.1278229,-2.1278229,-2.1278229,-2.1278229,2022,-17.085613,-17.085613,-17.085613,-17.085613,2,2,-19.213436,-19.213436
459,Nick Mullens,QB,QB,MIN,2022,0.0,0.0,0.0,0.0,0.0,0.0,0.0,0.0,2022,2.2850113,2.2850113,2.1543367,2.1543367,3,3,2.2850113,2.1543367
460,Nick Vannett,TE,TE,NO,2022,0.10595366,0.10595366,0.10595366,0.10595366,0.0,0.0,0.0,0.0,2022,0.0,0.0,0.0,0.0,2,2,0.10595366,0.10595366
461,Nick Vannett,TE,TE,NYG,2022,0.5524234,0.5524234,0.5524234,0.5524234,0.0,0.0,0.0,0.0,2022,0.0,0.0,0.0,0.0,2,2,0.5524234,0.5524234
462,Nick Westbrook-Ikhine,WR,WR,TEN,2022,0.24210505,0.24210505,-0.7384287,-0.7384287,0.0,0.0,0.0,0.0,2022,0.0,0.0,0.0,0.0,14,14,0.24210505,-0.7384287
463,Nico Collins,WR,WR,HOU,2022,-0.13270557,-0.13270557,-0.50401056,-0.50401056,0.0,0.0,0.0,0.0,2022,0.0,0.0,0.0,0.0,10,10,-0.13270557,-0.50401056
464,Noah Brown,WR,WR,DAL,2022,0.38446924,0.38446924,-0.081355624,-0.081355624,0.0,0.0,0.0,0.0,2022,0.0,0.0,0.0,0.0,14,14,0.38446924,-0.081355624
465,Noah Fant,TE,TE,SEA,2022,1.2335134,1.2335134,0.7703037,0.7703037,0.0,0.0,0.0,0.0,2022,0.0,0.0,0.0,0.0,16,16,1.2335134,0.7703037
466,Noah Gray,TE,TE,KC,2022,0.7163838,0.7163838,0.63619286,0.63619286,1.4546351,1.4546351,1.4546351,1.4546351,2022,0.0,0.0,0.0,0.0,16,16,2.171019,2.090828
467,Noah Togiai,TE,TE,PHI,2022,-0.64056355,-0.64056355,-0.64056355,-0.64056355,0.0,0.0,0.0,0.0,2022,0.0,0.0,0.0,0.0,1,1,-0.64056355,-0.64056355
468,Nsimba Webster,WR,WR,CHI,2022,0.38132998,0.38132998,0.38132998,0.38132998,0.0,0.0,0.0,0.0,2022,0.0,0.0,0.0,0.0,1,1,0.38132998,0.38132998
469,Nyheim Hines,RB,RB,BUF,2022,0.7527655,0.7527655,0.8418389,0.8418389,-0.97602415,-0.97602415,-0.44064996,-0.44064996,2022,0.0,0.0,0.0,0.0,8,8,-0.22325867,0.40118894
470,Nyheim Hines,RB,RB,IND,2022,1.0115336,1.0115336,0.7931785,0.7931785,-1.2025677,-1.2025677,-0.55329186,-0.55329186,2022,0.0,0.0,0.0,0.0,7,7,-0.19103408,0.23988664
471,O.J. Howard,TE,TE,HOU,2022,-0.18572938,-0.18572938,-0.5133086,-0.5133086,0.0,0.0,0.0,0.0,2022,0.0,0.0,0.0,0.0,11,11,-0.18572938,-0.5133086
472,Olamide Zaccheaus,WR,WR,ATL,2022,1.4073565,1.4073565,1.0803235,1.0803235,-0.23561579,-0.23561579,-0.23561579,-0.23561579,2022,0.0,0.0,0.0,0.0,15,15,1.1717408,0.84470767
473,Parker Hesse,TE,TE,ATL,2022,1.0346103,1.0346103,0.8583017,0.8583017,0.0,0.0,0.0,0.0,2022,0.0,0.0,0.0,0.0,8,8,1.0346103,0.8583017
474,Parris Campbell,WR,WR,IND,2022,0.009049639,0.009049639,1.082219,1.082219,0.14966404,0.14966404,-0.40486076,-0.40486076,2022,0.0,0.0,0.0,0.0,16,16,0.15871368,0.67735827
475,Pat Freiermuth,TE,TE,PIT,2022,0.7492234,0.7492234,-0.03378743,-0.03378743,0.0,0.0,0.0,0.0,2022,0.0,0.0,0.0,0.0,14,14,0.7492234,-0.03378743
476,Patrick Mahomes,QB,QB,KC,2022,0.3510209,0.3510209,0.3510209,0.3510209,1.3515781,1.3515781,2.0540779,2.0540779,2022,11.9351015,11.9351015,8.033855,8.033855,16,16,13.637701,10.438954
477,Patrick Ricard,FB,RB,BAL,2022,-0.59511924,-0.59511924,0.042376526,0.042376526,-0.49560148,-0.49560148,0.35554305,0.35554305,2022,0.0,0.0,0.0,0.0,12,12,-1.0907207,0.39791957
478,Patrick Taylor,RB,RB,GB,2022,2.6245534,2.6245534,2.6245534,2.6245534,-0.6310233,-0.6310233,-0.7274816,-0.7274816,2022,0.0,0.0,0.0,0.0,4,4,1.9935302,1.8970718
479,Penei Sewell,T,OL,DET,2022,1.0604486,1.0604486,1.0604486,1.0604486,0.0,0.0,0.0,0.0,2022,0.0,0.0,0.0,0.0,1,1,1.0604486,1.0604486
480,Penny Hart,WR,WR,SEA,2022,-0.29280204,-0.29280204,-0.106977835,-0.106977835,0.0,0.0,0.0,0.0,2022,0.0,0.0,0.0,0.0,3,3,-0.29280204,-0.106977835
481,Peyton Hendershot,TE,TE,DAL,2022,-0.3975006,-0.3975006,-0.14562947,-0.14562947,1.1325952,1.1325952,1.1325952,1.1325952,2022,0.0,0.0,0.0,0.0,9,9,0.73509455,0.9869657
482,Pharaoh Brown,TE,TE,CLE,2022,-0.7810089,-0.7810089,-0.92132014,-0.92132014,0.0,0.0,0.0,0.0,2022,0.0,0.0,0.0,0.0,4,4,-0.7810089,-0.92132014
483,Pharaoh Brown,TE,TE,HOU,2022,0.21176328,0.21176328,0.59381044,0.59381044,0.0,0.0,0.0,0.0,2022,0.0,0.0,0.0,0.0,3,3,0.21176328,0.59381044
484,Pharoh Cooper,WR,WR,ARI,2022,0.0,0.0,0.0,0.0,-0.2541593,-0.2541593,-0.2541593,-0.2541593,2022,0.0,0.0,0.0,0.0,1,1,-0.2541593,-0.2541593
485,Phillip Dorsett,WR,WR,HOU,2022,-0.2649851,-0.2649851,-0.6874784,-0.6874784,0.0,0.0,0.0,0.0,2022,-0.5361111,-0.5361111,-0.5361111,-0.5361111,14,14,-0.8010962,-1.2235895
486,Phillip Lindsay,RB,RB,IND,2022,-0.50616467,-0.50616467,-0.52910143,-0.52910143,-0.9396174,-0.9396174,-0.86317307,-0.86317307,2022,0.0,0.0,0.0,0.0,3,3,-1.4457821,-1.3922745
487,Phillip Walker,QB,QB,CAR,2022,0.0,0.0,0.0,0.0,0.35796392,0.35796392,-0.050441004,-0.050441004,2022,-3.3219852,-3.3219852,-1.2408087,-1.2408087,6,6,-2.9640212,-1.2912498
488,Pierre Strong,RB,RB,NE,2022,0.33340627,0.33340627,-0.2959631,-0.2959631,1.9123943,1.9123943,1.3042172,1.3042172,2022,0.0,0.0,0.0,0.0,4,4,2.2458005,1.008254
489,Quez Watkins,WR,WR,PHI,2022,-0.7129904,-0.7129904,-0.7888194,-0.7888194,-1.346786,-1.346786,-1.346786,-1.346786,2022,0.0,0.0,0.0,0.0,15,15,-2.0597763,-2.1356053
490,Quintez Cephus,WR,WR,DET,2022,2.9725595,2.9725595,2.9725595,2.9725595,0.0,0.0,0.0,0.0,2022,0.0,0.0,0.0,0.0,1,1,2.9725595,2.9725595
491,Quintin Morris,TE,TE,BUF,2022,-0.025973171,-0.025973171,0.249255,0.249255,0.0,0.0,0.0,0.0,2022,0.0,0.0,0.0,0.0,6,6,-0.025973171,0.249255
492,Racey McMath,WR,WR,TEN,2022,-1.8542646,-1.8542646,-3.4424858,-3.4424858,0.0,0.0,0.0,0.0,2022,0.0,0.0,0.0,0.0,3,3,-1.8542646,-3.4424858
493,Rachaad White,RB,RB,TB,2022,0.49802908,0.49802908,0.54647696,0.54647696,-1.1124139,-1.1124139,-0.96095455,-0.96095455,2022,0.0,0.0,0.0,0.0,15,15,-0.6143848,-0.4144776
494,Raheem Blackshear,RB,RB,CAR,2022,0.15344435,0.15344435,0.43837848,0.43837848,0.342941,0.342941,0.324759,0.324759,2022,0.0,0.0,0.0,0.0,9,9,0.49638534,0.76313746
495,Raheem Mostert,RB,RB,MIA,2022,0.2533239,0.2533239,0.15240428,0.15240428,-0.14392759,-0.14392759,-0.5766638,-0.5766638,2022,0.0,0.0,0.0,0.0,15,15,0.10939632,-0.4242595
496,Randall Cobb,WR,WR,GB,2022,1.8324107,1.8324107,2.0130439,2.0130439,0.0,0.0,0.0,0.0,2022,0.0,0.0,0.0,0.0,12,12,1.8324107,2.0130439
497,Rashaad Penny,RB,RB,SEA,2022,0.35637882,0.35637882,0.012824935,0.012824935,2.6288977,2.6288977,0.88999206,0.88999206,2022,0.0,0.0,0.0,0.0,5,5,2.9852765,0.902817
498,Rashid Shaheed,WR,WR,NO,2022,3.0943904,3.0943904,2.946541,2.946541,1.4277873,1.4277873,0.6743289,0.6743289,2022,0.0,0.0,0.0,0.0,10,10,4.5221777,3.62087
499,Rashod Bateman,WR,WR,BAL,2022,0.44126952,0.44126952,0.2883867,0.2883867,0.0,0.0,0.0,0.0,2022,0.0,0.0,0.0,0.0,6,6,0.44126952,0.2883867
500,Ray-Ray McCloud,WR,WR,SF,2022,0.8851781,0.8851781,0.66253036,0.66253036,1.9386293,1.9386293,1.9386293,1.9386293,2022,0.0,0.0,0.0,0.0,14,14,2.8238072,2.6011596
501,Reggie Gilliam,FB,RB,BUF,2022,0.98249006,0.98249006,0.9834497,0.9834497,0.0,0.0,0.0,0.0,2022,0.0,0.0,0.0,0.0,4,4,0.98249006,0.9834497
502,Rex Burkhead,RB,RB,HOU,2022,-1.5166478,-1.5166478,-1.4949561,-1.4949561,-0.97282034,-0.97282034,-0.371633,-0.371633,2022,-0.4519726,-0.4519726,-0.4519726,-0.4519726,14,14,-2.9414406,-2.3185616
503,Rhamondre Stevenson,RB,RB,NE,2022,-0.64571387,-0.64571387,-0.5545556,-0.5545556,-0.73317367,-0.73317367,-0.27126727,-0.27126727,2022,0.0,0.0,0.0,0.0,16,16,-1.3788875,-0.82582283
504,Richard Rodgers,TE,TE,LAC,2022,-0.96338564,-0.96338564,-0.9197219,-0.9197219,0.0,0.0,0.0,0.0,2022,0.0,0.0,0.0,0.0,3,3,-0.96338564,-0.9197219
505,Richie James,WR,WR,NYG,2022,1.7497004,1.7497004,1.2413278,1.2413278,-0.2766598,-0.2766598,-0.2766598,-0.2766598,2022,0.0,0.0,0.0,0.0,14,14,1.4730406,0.964668
506,Riley Dixon,P,SPEC,LA,2022,0.0,0.0,0.0,0.0,0.0,0.0,0.0,0.0,2022,2.693377,2.693377,2.693377,2.693377,2,2,2.693377,2.693377
507,River Cracraft,WR,WR,MIA,2022,0.28084412,0.28084412,0.5893286,0.5893286,0.0,0.0,0.0,0.0,2022,0.0,0.0,0.0,0.0,7,7,0.28084412,0.5893286
508,Robby Anderson,WR,WR,ARI,2022,-0.90584564,-0.90584564,-0.80898654,-0.80898654,0.0,0.0,0.0,0.0,2022,0.0,0.0,0.0,0.0,7,7,-0.90584564,-0.80898654
509,Robby Anderson,WR,WR,CAR,2022,-0.16073534,-0.16073534,0.018829787,0.018829787,0.0,0.0,0.0,0.0,2022,0.0,0.0,0.0,0.0,5,5,-0.16073534,0.018829787
510,Robert Tonyan,TE,TE,GB,2022,0.1716212,0.1716212,0.47589773,0.47589773,0.0,0.0,0.0,0.0,2022,0.0,0.0,0.0,0.0,16,16,0.1716212,0.47589773
511,Robert Woods,WR,WR,TEN,2022,0.22365664,0.22365664,-0.02190825,-0.02190825,0.0,0.0,0.0,0.0,2022,0.0,0.0,0.0,0.0,16,16,0.22365664,-0.02190825
512,Romeo Doubs,WR,WR,GB,2022,0.022789175,0.022789175,0.78804123,0.78804123,0.5182847,0.5182847,0.5182847,0.5182847,2022,0.0,0.0,0.0,0.0,12,12,0.54107386,1.3063259
513,Ronald Jones,RB,RB,KC,2022,1.849646,1.849646,1.849646,1.849646,-0.30541125,-0.30541125,-0.3668173,-0.3668173,2022,0.0,0.0,0.0,0.0,4,4,1.5442348,1.4828286
514,Rondale Moore,WR,WR,ARI,2022,1.6250316,1.6250316,3.275274,3.275274,-1.8887849,-1.8887849,-1.9351404,-1.9351404,2022,0.0,0.0,0.0,0.0,8,8,-0.2637533,1.3401337
515,Ronnie Rivers,RB,RB,LA,2022,-0.15931073,-0.15931073,-0.15931073,-0.15931073,-1.8465405,-1.8465405,-1.8465405,-1.8465405,2022,0.0,0.0,0.0,0.0,2,2,-2.0058513,-2.0058513
516,Ross Dwelley,TE,TE,SF,2022,2.0857124,2.0857124,2.4509778,2.4509778,0.0,0.0,0.0,0.0,2022,0.0,0.0,0.0,0.0,4,4,2.0857124,2.4509778
517,Royce Freeman,RB,RB,HOU,2022,-0.32216406,-0.32216406,-0.06488339,-0.06488339,-2.2155013,-2.2155013,-2.1887033,-2.1887033,2022,0.0,0.0,0.0,0.0,3,3,-2.5376654,-2.2535868
518,Russell Gage,WR,WR,TB,2022,1.665703,1.665703,0.6614129,0.6614129,0.0,0.0,0.0,0.0,2022,0.0,0.0,0.0,0.0,12,12,1.665703,0.6614129
519,Russell Wilson,QB,QB,DEN,2022,-0.3846379,-0.3846379,-0.3846379,-0.3846379,1.0855596,1.0855596,0.98111486,0.98111486,2022,-4.289265,-4.289265,-6.549268,-6.549268,14,14,-3.5883434,-5.9527907
520,Ryan Griffin,TE,TE,CHI,2022,-1.1349028,-1.1349028,-0.96753424,-0.96753424,0.0,0.0,0.0,0.0,2022,0.0,0.0,0.0,0.0,7,7,-1.1349028,-0.96753424
521,Ryan Tannehill,QB,QB,TEN,2022,0.0,0.0,0.0,0.0,-0.29616344,-0.29616344,0.57758963,0.57758963,2022,1.6430961,1.6430961,1.6290236,1.6290236,12,12,1.3469326,2.206613
522,Ryan Wright,P,SPEC,MIN,2022,0.0,0.0,0.0,0.0,0.0,0.0,0.0,0.0,2022,-0.20460665,-0.20460665,-0.20460665,-0.20460665,2,2,-0.20460665,-0.20460665
523,Salvon Ahmed,RB,RB,MIA,2022,0.17060761,0.17060761,0.17060761,0.17060761,0.93264645,0.93264645,0.07920152,0.07920152,2022,0.0,0.0,0.0,0.0,5,5,1.1032541,0.24980913
524,Sam Darnold,QB,QB,CAR,2022,0.0,0.0,0.0,0.0,-1.4289491,-1.4289491,-1.3329759,-1.3329759,2022,6.793671,6.793671,7.452139,7.452139,5,5,5.3647223,6.119163
525,Sam Ehlinger,QB,QB,IND,2022,0.0,0.0,0.0,0.0,0.69419974,0.69419974,1.3008634,1.3008634,2022,-9.191878,-9.191878,0.6514081,0.6514081,3,3,-8.497679,1.9522715
526,Samaje Perine,RB,RB,CIN,2022,0.46050286,0.46050286,-0.46265832,-0.46265832,-0.09993398,-0.09993398,-0.12014516,-0.12014516,2022,0.0,0.0,0.0,0.0,15,15,0.36056888,-0.5828035
527,Sammy Watkins,WR,WR,BAL,2022,2.249651,2.249651,2.249651,2.249651,0.0,0.0,0.0,0.0,2022,0.0,0.0,0.0,0.0,1,1,2.249651,2.249651
528,Sammy Watkins,WR,WR,GB,2022,0.9298256,0.9298256,0.87061095,0.87061095,0.0,0.0,0.0,0.0,2022,0.0,0.0,0.0,0.0,7,7,0.9298256,0.87061095
529,Samori Toure,WR,WR,GB,2022,0.80154335,0.80154335,0.5989853,0.5989853,0.0,0.0,0.0,0.0,2022,0.0,0.0,0.0,0.0,4,4,0.80154335,0.5989853
530,Saquon Barkley,RB,RB,NYG,2022,-0.85326517,-0.85326517,-0.029767826,-0.029767826,-0.9694481,-0.9694481,-0.6126993,-0.6126993,2022,0.0,0.0,0.0,0.0,16,16,-1.8227133,-0.6424671
531,Scott Miller,WR,WR,TB,2022,0.077782005,0.077782005,-0.21694267,-0.21694267,-0.36120686,-0.36120686,-0.36120686,-0.36120686,2022,0.0,0.0,0.0,0.0,10,10,-0.28342485,-0.57814956
532,Sean Chandler,SS,DB,CAR,2022,0.0,0.0,0.0,0.0,2.1650932,2.1650932,2.1650932,2.1650932,2022,0.0,0.0,0.0,0.0,1,1,2.1650932,2.1650932
533,Sean McKeon,TE,TE,DAL,2022,0.07511899,0.07511899,0.07511899,0.07511899,0.0,0.0,0.0,0.0,2022,0.0,0.0,0.0,0.0,2,2,0.07511899,0.07511899
534,Shane Zylstra,TE,TE,DET,2022,0.6882384,0.6882384,-0.20169272,-0.20169272,0.0,0.0,0.0,0.0,2022,0.0,0.0,0.0,0.0,7,7,0.6882384,-0.20169272
535,Shi Smith,WR,WR,CAR,2022,-0.57818586,-0.57818586,0.2714294,0.2714294,0.0,0.0,0.0,0.0,2022,0.0,0.0,0.0,0.0,14,14,-0.57818586,0.2714294
536,Simi Fehoko,WR,WR,DAL,2022,-0.57316107,-0.57316107,-0.57316107,-0.57316107,0.0,0.0,0.0,0.0,2022,0.0,0.0,0.0,0.0,2,2,-0.57316107,-0.57316107
537,Skylar Thompson,QB,QB,MIA,2022,0.0,0.0,0.0,0.0,-2.0173934,-2.0173934,-1.5664868,-1.5664868,2022,-4.2745247,-4.2745247,-2.7118683,-2.7118683,6,6,-6.291918,-4.278355
538,Skyy Moore,WR,WR,KC,2022,0.45717436,0.45717436,0.38909277,0.38909277,0.67938584,0.67938584,0.67938584,0.67938584,2022,0.0,0.0,0.0,0.0,14,14,1.1365602,1.0684786
539,Snoop Conner,RB,RB,JAX,2022,0.0,0.0,0.0,0.0,-0.41044572,-0.41044572,-0.5223934,-0.5223934,2022,0.0,0.0,0.0,0.0,5,5,-0.41044572,-0.5223934
540,Sony Michel,RB,RB,LAC,2022,-1.100395,-1.100395,-0.8609489,-0.8609489,-0.280898,-0.280898,-0.46471733,-0.46471733,2022,0.0,0.0,0.0,0.0,10,10,-1.3812929,-1.3256662
541,Spencer Brown,RB,RB,CAR,2022,-1.1949066,-1.1949066,-1.1949066,-1.1949066,0.395068,0.395068,0.395068,0.395068,2022,0.0,0.0,0.0,0.0,2,2,-0.7998386,-0.7998386
542,Stanley Morgan,WR,WR,CIN,2022,-3.1803987,-3.1803987,-3.1803987,-3.1803987,0.0,0.0,0.0,0.0,2022,0.0,0.0,0.0,0.0,1,1,-3.1803987,-3.1803987
543,Stefon Diggs,WR,WR,BUF,2022,4.474144,4.474144,4.3432536,4.3432536,-1.2924168,-1.2924168,-1.2924168,-1.2924168,2022,0.0,0.0,0.0,0.0,15,15,3.1817272,3.0508368
544,Stephen Anderson,TE,TE,ARI,2022,-0.6591073,-0.6591073,-0.5945148,-0.5945148,0.0,0.0,0.0,0.0,2022,0.0,0.0,0.0,0.0,5,5,-0.6591073,-0.5945148
545,Stephen Sullivan,TE,TE,CAR,2022,-0.6146459,-0.6146459,-0.42306086,-0.42306086,0.0,0.0,0.0,0.0,2022,0.0,0.0,0.0,0.0,4,4,-0.6146459,-0.42306086
546,Sterling Shepard,WR,WR,NYG,2022,-1.0422512,-1.0422512,-3.073766,-3.073766,0.0,0.0,0.0,0.0,2022,0.0,0.0,0.0,0.0,3,3,-1.0422512,-3.073766
547,Steven Sims,WR,WR,PIT,2022,-0.6437199,-0.6437199,-0.73339874,-0.73339874,0.08623027,0.08623027,-0.19185038,-0.19185038,2022,0.0,0.0,0.0,0.0,10,10,-0.55748963,-0.9252491
548,Stone Smartt,TE,TE,LAC,2022,-0.13361053,-0.13361053,-0.17565288,-0.17565288,0.0,0.0,0.0,0.0,2022,0.0,0.0,0.0,0.0,3,3,-0.13361053,-0.17565288
549,T.J. Hockenson,TE,TE,DET,2022,-0.2610433,-0.2610433,-2.264538,-2.264538,0.0,0.0,0.0,0.0,2022,0.0,0.0,0.0,0.0,7,7,-0.2610433,-2.264538
550,T.J. Hockenson,TE,TE,MIN,2022,0.29720163,0.29720163,2.3240407,2.3240407,0.0,0.0,0.0,0.0,2022,0.0,0.0,0.0,0.0,9,9,0.29720163,2.3240407
551,T.Y. Hilton,WR,WR,DAL,2022,5.2226725,5.2226725,5.2226725,5.2226725,0.0,0.0,0.0,0.0,2022,0.0,0.0,0.0,0.0,2,2,5.2226725,5.2226725
552,Tanner Conner,WR,WR,MIA,2022,-1.329773,-1.329773,-1.329773,-1.329773,0.0,0.0,0.0,0.0,2022,0.0,0.0,0.0,0.0,2,2,-1.329773,-1.329773
553,Tanner Gentry,WR,WR,BUF,2022,-0.7896298,-0.7896298,-0.7896298,-0.7896298,0.0,0.0,0.0,0.0,2022,0.0,0.0,0.0,0.0,1,1,-0.7896298,-0.7896298
554,Tanner Hudson,TE,TE,NYG,2022,0.47424012,0.47424012,0.6211706,0.6211706,0.0,0.0,0.0,0.0,2022,0.0,0.0,0.0,0.0,6,6,0.47424012,0.6211706
555,Taylor Heinicke,QB,QB,WAS,2022,0.0,0.0,0.0,0.0,-0.48796523,-0.48796523,0.0,0.0,2022,-1.4123325,-1.4123325,1.1429917,1.1429917,9,9,-1.9002978,1.1429917
556,Taysom Hill,TE,TE,NO,2022,0.5144703,0.5144703,0.84706676,0.84706676,1.1431712,1.1431712,0.2851106,0.2851106,2022,1.1441983,1.1441983,0.36707628,0.36707628,15,15,2.8018398,1.4992536
557,Teagan Quitoriano,TE,TE,HOU,2022,-0.5458614,-0.5458614,0.20623511,0.20623511,0.0,0.0,0.0,0.0,2022,0.0,0.0,0.0,0.0,6,6,-0.5458614,0.20623511
558,Teddy Bridgewater,QB,QB,MIA,2022,0.0,0.0,0.0,0.0,1.1234133,1.1234133,1.2899352,1.2899352,2022,0.07663651,0.07663651,-0.6528812,-0.6528812,5,5,1.2000499,0.637054
559,Tee Higgins,WR,WR,CIN,2022,4.39619,4.39619,4.0649023,4.0649023,0.0,0.0,0.0,0.0,2022,0.0,0.0,0.0,0.0,13,13,4.39619,4.0649023
560,Terrace Marshall,WR,WR,CAR,2022,1.8714961,1.8714961,1.7758482,1.7758482,0.0,0.0,0.0,0.0,2022,0.0,0.0,0.0,0.0,12,12,1.8714961,1.7758482
561,Terry McLaurin,WR,WR,WAS,2022,2.848409,2.848409,3.1392808,3.1392808,0.21460171,0.21460171,0.093126275,0.093126275,2022,0.0,0.0,0.0,0.0,16,16,3.0630107,3.232407
562,Tevin Coleman,RB,RB,SF,2022,5.2309036,5.2309036,5.2309036,5.2309036,-3.1645703,-3.1645703,-3.1645703,-3.1645703,2022,0.0,0.0,0.0,0.0,2,2,2.0663333,2.0663333
563,Tim Jones,WR,WR,JAX,2022,0.29718563,0.29718563,-0.09914696,-0.09914696,0.0,0.0,0.0,0.0,2022,0.0,0.0,0.0,0.0,4,4,0.29718563,-0.09914696
564,Tom Brady,QB,QB,TB,2022,-4.7260165,-4.7260165,-4.7260165,-4.7260165,-1.4620943,-1.4620943,-1.066773,-1.066773,2022,3.6816962,3.6816962,1.7527281,1.7527281,16,16,-2.5064147,-4.0400615
565,Tom Kennedy,WR,WR,DET,2022,1.5862447,1.5862447,2.3723373,2.3723373,0.0,0.0,0.0,0.0,2022,0.0,0.0,0.0,0.0,5,5,1.5862447,2.3723373
566,Tommy Sweeney,TE,TE,BUF,2022,0.80107677,0.80107677,0.80107677,0.80107677,0.0,0.0,0.0,0.0,2022,0.0,0.0,0.0,0.0,1,1,0.80107677,0.80107677
567,Tommy Townsend,P,SPEC,KC,2022,0.0,0.0,0.0,0.0,0.0,0.0,0.0,0.0,2022,-3.517586,-3.517586,-3.517586,-3.517586,1,1,-3.517586,-3.517586
568,Tommy Tremble,TE,TE,CAR,2022,-0.16721891,-0.16721891,-0.17246248,-0.17246248,0.0,0.0,0.0,0.0,2022,0.0,0.0,0.0,0.0,13,13,-0.16721891,-0.17246248
569,Tony Jones,RB,RB,NO,2022,-0.10358733,-0.10358733,-0.10358733,-0.10358733,-0.35190526,-0.35190526,-0.35190526,-0.35190526,2022,0.0,0.0,0.0,0.0,1,1,-0.4554926,-0.4554926
570,Tony Jones,RB,RB,SEA,2022,-2.7060747,-2.7060747,-2.7060747,-2.7060747,-1.5914512,-1.5914512,-1.5914512,-1.5914512,2022,0.0,0.0,0.0,0.0,2,2,-4.297526,-4.297526
571,Tony Pollard,RB,RB,DAL,2022,0.51835,0.51835,-0.013665775,-0.013665775,0.53594047,0.53594047,0.61540467,0.61540467,2022,0.0,0.0,0.0,0.0,15,15,1.0542905,0.60173887
572,Trace McSorley,QB,QB,ARI,2022,0.0,0.0,0.0,0.0,-1.8501027,-1.8501027,-0.13281009,-0.13281009,2022,-6.8324523,-6.8324523,-5.4139943,-5.4139943,4,4,-8.682555,-5.5468044
573,Travis Etienne,RB,RB,JAX,2022,0.15956993,0.15956993,0.7035209,0.7035209,-0.49205253,-0.49205253,-0.8017001,-0.8017001,2022,0.0,0.0,0.0,0.0,16,16,-0.33248258,-0.09817922
574,Travis Homer,RB,RB,SEA,2022,-0.9012589,-0.9012589,-0.7096822,-0.7096822,-0.30238,-0.30238,-0.008065142,-0.008065142,2022,0.0,0.0,0.0,0.0,8,8,-1.2036389,-0.7177474
575,Travis Kelce,TE,TE,KC,2022,4.1002936,4.1002936,4.291057,4.291057,0.24432985,0.24432985,0.24432985,0.24432985,2022,0.0,0.0,0.0,0.0,16,16,4.3446236,4.535387
576,Trayveon Williams,RB,RB,CIN,2022,0.52934206,0.52934206,-0.66411716,-0.66411716,-0.15337045,-0.15337045,-0.15015131,-0.15015131,2022,0.0,0.0,0.0,0.0,4,4,0.37597162,-0.81426847
577,Tre' McKitty,TE,TE,LAC,2022,-0.6635565,-0.6635565,-0.5115961,-0.5115961,0.0,0.0,0.0,0.0,2022,0.0,0.0,0.0,0.0,7,7,-0.6635565,-0.5115961
578,Tre'Quan Smith,WR,WR,NO,2022,0.90542614,0.90542614,0.85749245,0.85749245,0.0,0.0,0.0,0.0,2022,0.0,0.0,0.0,0.0,8,8,0.90542614,0.85749245
579,Trent Sherfield,WR,WR,MIA,2022,0.40852582,0.40852582,0.72338974,0.72338974,0.0,0.0,0.0,0.0,2022,0.0,0.0,0.0,0.0,16,16,0.40852582,0.72338974
580,Trent Taylor,WR,WR,CIN,2022,-0.067809775,-0.067809775,-0.40225965,-0.40225965,-1.0784185,-1.0784185,-1.0784185,-1.0784185,2022,0.0,0.0,0.0,0.0,6,6,-1.1462283,-1.4806781
581,Trenton Irwin,WR,WR,CIN,2022,2.4528372,2.4528372,1.4435933,1.4435933,0.63532966,0.63532966,0.63532966,0.63532966,2022,0.0,0.0,0.0,0.0,8,8,3.088167,2.078923
582,Trestan Ebner,RB,RB,CHI,2022,-0.6241078,-0.6241078,-0.5488786,-0.5488786,-1.6706939,-1.6706939,-1.7866882,-1.7866882,2022,0.0,0.0,0.0,0.0,6,6,-2.2948017,-2.3355668
583,Trevon Wesco,TE,TE,CHI,2022,-0.08158662,-0.08158662,-0.23163433,-0.23163433,0.0,0.0,0.0,0.0,2022,0.0,0.0,0.0,0.0,4,4,-0.08158662,-0.23163433
584,Trevor Lawrence,QB,QB,JAX,2022,0.0,0.0,0.0,0.0,0.014481315,0.014481315,-0.2891409,-0.2891409,2022,4.9486294,4.9486294,4.5094404,4.5094404,16,16,4.963111,4.2202997
585,Trevor Siemian,QB,QB,CHI,2022,0.0,0.0,0.0,0.0,-0.8665188,-0.8665188,-0.8665188,-0.8665188,2022,-3.5771956,-3.5771956,-3.5771956,-3.5771956,2,2,-4.4437146,-4.4437146
586,Trey Lance,QB,QB,SF,2022,0.0,0.0,0.0,0.0,2.4350278,2.4350278,2.4350278,2.4350278,2022,-4.8628564,-4.8628564,-4.8628564,-4.8628564,2,2,-2.4278286,-2.4278286
587,Trey McBride,TE,TE,ARI,2022,0.47243813,0.47243813,-0.04463938,-0.04463938,0.0,0.0,0.0,0.0,2022,0.0,0.0,0.0,0.0,8,8,0.47243813,-0.04463938
588,Trey Sermon,RB,RB,PHI,2022,0.0,0.0,0.0,0.0,2.3006396,2.3006396,2.3006396,2.3006396,2022,0.0,0.0,0.0,0.0,1,1,2.3006396,2.3006396
589,Treylon Burks,WR,WR,TEN,2022,0.70550954,0.70550954,1.0448196,1.0448196,0.9099299,0.9099299,0.93289125,0.93289125,2022,0.0,0.0,0.0,0.0,10,10,1.6154394,1.9777108
590,Troy Hairston,FB,RB,HOU,2022,-0.9291717,-0.9291717,-0.49910688,-0.49910688,0.0,0.0,0.0,0.0,2022,0.0,0.0,0.0,0.0,6,6,-0.9291717,-0.49910688
591,Tua Tagovailoa,QB,QB,MIA,2022,0.0,0.0,0.0,0.0,-0.91644824,-0.91644824,-0.6105695,-0.6105695,2022,7.4898643,7.4898643,5.8563313,5.8563313,13,13,6.573416,5.245762
592,Tutu Atwell,WR,WR,LA,2022,0.38816813,0.38816813,-0.4716046,-0.4716046,-0.7118987,-0.7118987,-0.25142583,-0.25142583,2022,0.0,0.0,0.0,0.0,11,11,-0.32373056,-0.72303045
593,Ty Johnson,RB,RB,NYJ,2022,-1.665282,-1.665282,-0.5980278,-0.5980278,-0.17767487,-0.17767487,-0.3113231,-0.3113231,2022,0.0,0.0,0.0,0.0,9,9,-1.8429569,-0.90935093
594,Ty Montgomery,WR,WR,NE,2022,2.1808465,2.1808465,2.1808465,2.1808465,-3.0911794,-3.0911794,-3.0911794,-3.0911794,2022,0.0,0.0,0.0,0.0,1,1,-0.9103329,-0.9103329
595,Tylan Wallace,WR,WR,BAL,2022,-0.9308594,-0.9308594,-0.34965545,-0.34965545,0.0,0.0,0.0,0.0,2022,0.0,0.0,0.0,0.0,4,4,-0.9308594,-0.34965545
596,Tyler Allgeier,RB,RB,ATL,2022,0.7917021,0.7917021,1.4695303,1.4695303,0.7618028,0.7618028,0.47414356,0.47414356,2022,0.0,0.0,0.0,0.0,15,15,1.553505,1.9436738
597,Tyler Boyd,WR,WR,CIN,2022,1.784452,1.784452,0.8798431,0.8798431,0.0,0.0,0.0,0.0,2022,0.3036443,0.3036443,0.3036443,0.3036443,15,15,2.0880961,1.1834874
598,Tyler Conklin,TE,TE,NYJ,2022,0.1982357,0.1982357,0.044954687,0.044954687,0.6286361,0.6286361,0.6286361,0.6286361,2022,0.0,0.0,0.0,0.0,16,16,0.8268718,0.6735908
599,Tyler Davis,TE,TE,GB,2022,-1.2890065,-1.2890065,-0.79961985,-0.79961985,0.0,0.0,0.0,0.0,2022,0.0,0.0,0.0,0.0,5,5,-1.2890065,-0.79961985
600,Tyler Higbee,TE,TE,LA,2022,0.31267396,0.31267396,-0.042765003,-0.042765003,0.0,0.0,0.0,0.0,2022,0.0,0.0,0.0,0.0,15,15,0.31267396,-0.042765003
601,Tyler Huntley,QB,QB,BAL,2022,0.0,0.0,0.0,0.0,-0.7692563,-0.7692563,-1.8856407,-1.8856407,2022,-1.4340662,-1.4340662,-0.6896064,-0.6896064,5,5,-2.2033224,-2.5752473
602,Tyler Kroft,TE,TE,SF,2022,0.6806329,0.6806329,0.5971352,0.5971352,0.0,0.0,0.0,0.0,2022,0.0,0.0,0.0,0.0,4,4,0.6806329,0.5971352
603,Tyler Lockett,WR,WR,SEA,2022,2.4003212,2.4003212,2.7132535,2.7132535,0.0,0.0,0.0,0.0,2022,0.0,0.0,0.0,0.0,15,15,2.4003212,2.7132535
604,Tyler Mabry,TE,TE,SEA,2022,1.9614137,1.9614137,1.9614137,1.9614137,0.0,0.0,0.0,0.0,2022,0.0,0.0,0.0,0.0,1,1,1.9614137,1.9614137
605,Tyquan Thornton,WR,WR,NE,2022,-0.22787769,-0.22787769,-0.957524,-0.957524,0.73909503,0.73909503,0.73909503,0.73909503,2022,0.0,0.0,0.0,0.0,11,11,0.51121736,-0.21842897
606,Tyreek Hill,WR,WR,MIA,2022,3.980759,3.980759,2.3054624,2.3054624,0.33783692,0.33783692,0.44430327,0.44430327,2022,0.0,0.0,0.0,0.0,16,16,4.318596,2.7497656
607,Tyrie Cleveland,WR,WR,DEN,2022,-1.4433064,-1.4433064,-2.129854,-2.129854,0.0,0.0,0.0,0.0,2022,0.0,0.0,0.0,0.0,3,3,-1.4433064,-2.129854
608,Tyrion Davis-Price,RB,RB,SF,2022,-0.9328389,-0.9328389,-0.9328389,-0.9328389,-1.9854957,-1.9854957,-1.0549762,-1.0549762,2022,0.0,0.0,0.0,0.0,4,4,-2.9183345,-1.9878151
609,Tyrod Taylor,QB,QB,NYG,2022,0.0,0.0,0.0,0.0,4.5685472,4.5685472,4.5685472,4.5685472,2022,-2.1926684,-2.1926684,-2.1926684,-2.1926684,2,2,2.3758788,2.3758788
610,Tyron Johnson,WR,WR,HOU,2022,0.6337599,0.6337599,0.6337599,0.6337599,0.0,0.0,0.0,0.0,2022,0.0,0.0,0.0,0.0,1,1,0.6337599,0.6337599
611,Van Jefferson,WR,WR,LA,2022,1.0669956,1.0669956,2.6926372,2.6926372,0.0,0.0,0.0,0.0,2022,0.0,0.0,0.0,0.0,9,9,1.0669956,2.6926372
612,Velus Jones,WR,WR,CHI,2022,-0.23242263,-0.23242263,-0.882939,-0.882939,-0.34615454,-0.34615454,0.14635476,0.14635476,2022,0.0,0.0,0.0,0.0,8,8,-0.57857716,-0.7365842
613,Wan'Dale Robinson,WR,WR,NYG,2022,1.9636376,1.9636376,1.3305123,1.3305123,-0.6412045,-0.6412045,-0.6412045,-0.6412045,2022,0.0,0.0,0.0,0.0,6,6,1.3224331,0.6893078
614,Will Dissly,TE,TE,SEA,2022,1.7592036,1.7592036,1.3879392,1.3879392,0.0,0.0,0.0,0.0,2022,0.0,0.0,0.0,0.0,15,15,1.7592036,1.3879392
615,Will Parks,FS,DB,NYJ,2022,0.0,0.0,0.0,0.0,0.0,0.0,0.0,0.0,2022,0.0,0.0,0.0,0.0,1,1,0.0,0.0
616,Zach Ertz,TE,TE,ARI,2022,0.62749285,0.62749285,0.4263956,0.4263956,0.0,0.0,0.0,0.0,2022,0.0,0.0,0.0,0.0,10,10,0.62749285,0.4263956
617,Zach Gentry,TE,TE,PIT,2022,-0.2038764,-0.2038764,-0.47942272,-0.47942272,0.0,0.0,0.0,0.0,2022,0.0,0.0,0.0,0.0,13,13,-0.2038764,-0.47942272
618,Zach Pascal,WR,WR,PHI,2022,0.025184136,0.025184136,0.53710717,0.53710717,-3.61139,-3.61139,-3.61139,-3.61139,2022,0.0,0.0,0.0,0.0,12,12,-3.586206,-3.074283
619,Zach Wilson,QB,QB,NYJ,2022,1.1844527,1.1844527,1.1844527,1.1844527,-0.011498481,-0.011498481,-0.30090782,-0.30090782,2022,-4.0234504,-4.0234504,-2.3100674,-2.3100674,9,9,-2.8504963,-1.4265226
620,Zack Moss,RB,RB,BUF,2022,-1.2223296,-1.2223296,-0.9753153,-0.9753153,-1.423096,-1.423096,-0.7651395,-0.7651395,2022,0.0,0.0,0.0,0.0,5,5,-2.6454256,-1.7404548
621,Zack Moss,RB,RB,IND,2022,-0.5485222,-0.5485222,-0.5485222,-0.5485222,-0.94573796,-0.94573796,-0.21182637,-0.21182637,2022,0.0,0.0,0.0,0.0,7,7,-1.4942601,-0.76034856
622,Zamir White,RB,RB,LV,2022,0.0,0.0,0.0,0.0,-0.12906635,-0.12906635,-0.3474071,-0.3474071,2022,0.0,0.0,0.0,0.0,10,10,-0.12906635,-0.3474071
623,Zander Horvath,RB,RB,LAC,2022,-0.10360347,-0.10360347,-0.44117066,-0.44117066,0.07441926,0.07441926,0.508119,0.508119,2022,0.0,0.0,0.0,0.0,8,8,-0.029184207,0.066948324
624,Zay Jones,WR,WR,JAX,2022,2.8612087,2.8612087,3.3746178,3.3746178,0.12966642,0.12966642,0.068436384,0.068436384,2022,0.0,0.0,0.0,0.0,15,15,2.990875,3.4430542
625,Zonovan Knight,RB,RB,NYJ,2022,0.8013168,0.8013168,1.0374235,1.0374235,-1.6675951,-1.6675951,-1.1892855,-1.1892855,2022,0.0,0.0,0.0,0.0,6,6,-0.86627835,-0.15186203
